id,adunit_name,asset_name,adunit_id,status,integration_type,publisher,network,media_type,venue_type,venue_name,city,postal_code,county,state,dma,country,latitude,longitude,address,cpm,currency,four_week_impressions,impression_multiplier,bidstream_impressions,bidstream_inferred_impressions,screen_count,min_duration,max_duration,supports_video,supports_banner,supports_audio,supports_dynamic_creative,slot_dimensions,preferred_ad_format,ad_formats,restrictions,languages,open_ooh_venue_category_id,asset_image_url
1489686,1202,1202,3c028472-3676-4382-9cf8-ea5b2c5c45f6,live,API,New Tradition,New Tradition,,Outdoor|Billboards|Spectacular,1202,BOSTON,02118,Suffolk County - MA,MA,"Boston (Manchester), MA-NH",USA,42.345757,-71.061513,"213 Albany St, Boston, MA 02118",10.0000,USD,24162160,240.49,236184740,53222400,1,10,10,false,true,false,true,456x456,456x456,,,,30103,https://www.dropbox.com/scl/fo/9zz7d6z3t84bq91vfhgwh/AI5-8Y6Nv_HKJL7uSPOAbpw?rlkey=eza0vovpjnvf8h8ip3sjoqlld&st=plvuhuoy&dl=0
1503232,OT0TS7170,OT0TS7170,6186e51b-5b9b-42af-9a26-48b8ec6f1178,live,API,Outfront,The Wedge,Spectacular,Outdoor|Billboards|Spectacular,Digital Displays,NEW YORK,10036,New York County - NY,NY,"New York, NY",USA,40.759924,-73.984724,The Wedge - Broadway & 48th St,25.0000,USD,14866356,614.515377,81592676,922433,1,10,10,false,true,false,true,1400x840,1400x840,,"Cigars,Food & Drink,Government,Illegal Content,Law,Non-Standard Content,& Politics,Pornography",,30103,https://mapweb.outfront.com/handlers/image.ashx?t=photo&m=OT&p=0TS7170A
1526436,LO0001900,LO0001900,aedb0228-813c-45d5-9ad7-de9aabca8fc6,live,API,Outfront,Figueroa - Wilshire Grand,Spectacular,Outdoor|Billboards|Spectacular,Digital Displays,LOS ANGELES,90017,Los Angeles County - CA,CA,"Los Angeles, CA",USA,34.049652,-118.260106,The Wilshire Grand - Figueroa W/L N/O Seventh - WILSHIRE GRAND%,25.0000,USD,10062164,399.2922222,54385837,541188,1,8,8,false,true,false,true,1920x940,1920x940,1920x940,"Cigars,Government,Hotels,Law,& Politics",,30103,https://mapweb.outfront.com/handlers/image.ashx?t=photo&m=LO&p=0001900A
1526965,OT0TS7160,OT0TS7160,ae526d98-43e9-4b06-bc22-2e0987f38163,live,API,Outfront,2 Times Square,Spectacular,Outdoor|Billboards|Spectacular,Digital Displays,NEW YORK,10036,New York County - NY,NY,"New York, NY",USA,40.759392,-73.984820,The Cube - 47th St btw 7th Ave & Broadway,25.0000,USD,43212120,1786.215278,59963988,686186,1,10,10,false,true,false,true,4416x1656,4416x1656,,"Cigars,Food & Drink,Government,Illegal Content,Law,Non-Standard Content,& Politics,Pornography",,30103,https://mapweb.outfront.com/handlers/image.ashx?t=photo&m=OT&p=0TS7160A
1602674,NYC000250,NYC000250,5cb23e0f-05f3-4cd3-ad16-20a6b8b36b84,live,API,ClearChannelOutdoor,ClearChannelOutdoor Times Square,Spectacular,Outdoor|Billboards|Spectacular,NYC000250,NEW YORK,10036,New York County - NY,NY,"New York, NY",USA,40.760298,-73.984913,"",18.0000,USD,63023,624.0627446,26032952,26032952,1,15,15,true,true,false,true,3312x936,3312x936,,,,30103,""
1650764,NYC000016,NYC000016,3cd84024-ee99-44ef-a16d-c212b4c49578,live,API,ClearChannelOutdoor,ClearChannelOutdoor Times Square,Spectacular,Outdoor|Billboards|Spectacular,NYC000016,NEW YORK,10019,New York County - NY,NY,"New York, NY",USA,40.761033,-73.984625,"",18.0000,USD,23423,568.2432804,109330613,109330613,1,15,15,true,true,false,true,1188x814,1188x814,,,,30103,""
1650765,NYCBRILL5,NYCBRILL5,a7ebef3a-b0b8-445c-862d-9155d9294afc,live,API,ClearChannelOutdoor,ClearChannelOutdoor Times Square,Spectacular,Outdoor|Billboards|Spectacular,NYCBRILL5,NEW YORK,10019,New York County - NY,NY,"New York, NY",USA,40.761080,-73.984490,"",25.0000,USD,27085576,644.6386179,36611750,36611750,5,15,15,true,true,false,true,432x792,432x792,,,,30103,""
1657948,1052,1052,66aa7be3-757f-4b9b-a189-61e17e863ad8,on_demand,VAST,New Tradition,New Tradition,,Outdoor|Billboards|Spectacular,1052,NEW YORK,10036,New York County - NY,NY,"New York, NY",USA,40.756421,-73.986488,"1 Times Square (1471 Broadway), New York, NY, 10036",7.5000,USD,22683064,1125.15,0,0,1,15,15,true,true,false,false,1120x928,1120x928,1120x928,"Adult Education,AIDS/HIV,Alternative Medicine,Bed & Breakfasts,Body Art,Budget Travel,Business Travel,Camping,Cigars,Copyright Infringement,Extreme Graphic/Explicit Violence,Government,Hate Content,Hotels,Illegal Content,Incentivized,Law,Music,News,Non-Standard Content,& Politics,Pornography,Real Estate,Religion & Spirituality,Roleplaying Games,Spas,Spyware/Malware,Under Construction,Unmoderated UGC,U.S. Military,Warez",,30103,https://www.dropbox.com/scl/fo/8xgzuix8bkgvy1r10i7z2/AAKWg4X0v5li8qIWdg9nCnc?rlkey=if6ebxl4t5xjtypi0s71txkn1&st=6wphtbvq&dl=0
1658849,1201,1201,48b193f1-5e06-4372-8671-9f2657d03d5a,live,API,New Tradition,New Tradition,,Outdoor|Billboards|Spectacular,1201,BOSTON,02116,Suffolk County - MA,MA,"Boston (Manchester), MA-NH",USA,42.350968,-71.064829,240-242 Tremont St.,10.0000,USD,4848296,240.49,75470328,20740633,1,10,10,false,true,false,true,1710x855,1710x855,1710x855,"Adult Education,AIDS/HIV,Alternative Medicine,Bed & Breakfasts,Body Art,Budget Travel,Business Travel,Camping,Cigars,Copyright Infringement,Extreme Graphic/Explicit Violence,Government,Hate Content,Hotels,Illegal Content,Incentivized,Law,News,Non-Standard Content,& Politics,Pornography,Real Estate,Religion & Spirituality,Roleplaying Games,Spas,Spyware/Malware,Under Construction,Unmoderated UGC,U.S. Military,Warez",,30103,https://www.dropbox.com/scl/fo/dydul0pou2r6ddbaqaz5o/APVHwpoZex-lZBm7nIQH_qs?rlkey=fk1lbus07fion8dqh4k5y1tc8&st=8jfy27dv&dl=0
1659177,1051,1051,d2ace474-2ed6-486b-8de3-47aec30423d5,on_demand,VAST,New Tradition,New Tradition,,Outdoor|Billboards|Spectacular,1051,NEW YORK,10036,New York County - NY,NY,"New York, NY",USA,40.756421,-73.986488,"1 Times Square (1471 Broadway), New York, NY, 10036",7.5000,USD,11019556,4316.78,38350415,38350415,1,15,15,true,true,false,false,1312x7416,1312x7416,1312x7416,"Adult Education,AIDS/HIV,Alternative Medicine,Bed & Breakfasts,Body Art,Budget Travel,Business Travel,Camping,Cigars,Copyright Infringement,Extreme Graphic/Explicit Violence,Government,Hate Content,Hotels,Illegal Content,Incentivized,Law,Music,News,Non-Standard Content,& Politics,Pornography,Real Estate,Religion & Spirituality,Roleplaying Games,Spas,Spyware/Malware,Under Construction,Unmoderated UGC,U.S. Military,Warez",,30103,https://www.dropbox.com/scl/fo/gh94ud9buq1y6jecyljkl/ALt10DkZODvufuO3RRTuAoc?rlkey=9xdwh28le9neeofk17hxj957q&st=5d5kbgrr&dl=0
1673224,NYCD00127,NYCD00127,27c34054-46b8-4476-8677-64c790eda3aa,live,API,ClearChannelOutdoor,ClearChannelOutdoor Times Square,Spectacular,Outdoor|Billboards|Spectacular,NYCD00127,NEW YORK,10036,New York County - NY,NY,"New York, NY",USA,40.759319,-73.985285,"",18.0000,USD,40666,997.2120095,88267658,88267658,1,15,15,true,true,false,true,1296x1296,1296x1296,,Hotels,,30103,""
1673259,NYCD00128,NYCD00128,b2e66661-ca27-4188-8535-48b272e67907,live,API,ClearChannelOutdoor,ClearChannelOutdoor Times Square,Spectacular,Outdoor|Billboards|Spectacular,NYCD00128,NEW YORK,10036,New York County - NY,NY,"New York, NY",USA,40.758763,-73.984758,"",18.0000,USD,22614,1214.854184,177441883,177441883,1,15,15,true,true,false,true,2026x1126,2026x1126,,,,30103,""
1673298,NYC022279,NYC022279,a39f40b5-1d11-4305-87c3-0cbb9ecf20fe,live,API,ClearChannelOutdoor,ClearChannelOutdoor Times Square,Spectacular,Outdoor|Billboards|Spectacular,NYC022279,NEW YORK,10001,New York County - NY,NY,"New York, NY",USA,40.751067,-73.990425,"",18.0000,USD,711861,379.6002762,77642796,77642796,1,15,15,true,true,false,true,648x468,648x468,,"Cocktails/Beer,Illegal Content,Politics,Pornography,Sexuality,Smoking Cessation,U.S. Government Resources",,30103,""
1673303,NYCD00126,NYCD00126,737503fd-1a9b-47a5-a338-e2ca102c0231,live,API,ClearChannelOutdoor,ClearChannelOutdoor Times Square,Spectacular,Outdoor|Billboards|Spectacular,NYCD00126,NEW YORK,10036,New York County - NY,NY,"New York, NY",USA,40.759322,-73.985320,"",18.0000,USD,45129,1095.762052,94126890,94126890,1,15,15,true,true,false,true,900x1600,900x1600,,Hotels,,30103,""
1677390,189397412,Denver Digital 1025,f0009e30-b26b-4cef-a178-bd89d98f1373,on_demand,Broadsign,Branded Cities,Denver Digital Network 1025D,Spectacular,Outdoor|Billboards|Spectacular,Denver Digital Network,DENVER,80202,Denver County - CO,CO,"Denver, CO",USA,39.746533,-104.993748,"Champa St & 16th St Mall, Denver CO, 80202",20.0000,USD,2599968,14.7,53011,52780,1,15,15,true,true,false,true,960x540,960x540,960x540,,,30103,http://brandedcities.com/assets/ps_img/dtd/DTD_1025.jpg
1677391,2048270993,Denver Digital 1016,d8329bdd-a400-4414-be45-4d446017b29b,on_demand,Broadsign HB,Branded Cities,Denver Digital Network 1016D,Spectacular,Outdoor|Billboards|Spectacular,Denver Digital Network,DENVER,80202,Denver County - CO,CO,"Denver, CO",USA,39.746045,-104.997906,"14th & Araphahoe, Denver CO, 80202",20.0000,USD,2037984,38.35,75433,75259,1,15,15,true,true,false,true,456x360,456x360,"456x360,960x540",,,30103,http://brandedcities.com/assets/ps_img/dtd/DTD_1016.jpg
1677392,2046924670,Denver Digital 1001,be9934e4-51e0-4076-a534-6e032b005ad5,on_demand,Broadsign HB,Branded Cities,Denver Digital Network 1001D,Spectacular,Outdoor|Billboards|Spectacular,Denver Digital Network,DENVER,80202,Denver County - CO,CO,"Denver, CO",USA,39.744414,-104.996386,"14th St & Champa St, Denver CO, 80202",20.0000,USD,3811904,172.17,192251,191477,1,15,15,true,true,false,true,1100x462,1100x462,"1100x462,960x540",,,30103,http://brandedcities.com/assets/ps_img/dtd/DTD_1001.jpg
1677394,1003324712,Harmon Corner,43b41ebe-ca16-49e0-8518-dff33d7d9daa,on_demand,Broadsign,Branded Cities,Harmon Corner,Spectacular,Outdoor|Billboards|Spectacular,Las Vegas Strip,LAS VEGAS,89109,Clark County - NV,NV,"Las Vegas, NV",USA,36.108826,-115.172516,"3717 Las Vegas Blvd S, Las Vegas, NV 89109",10.0000,USD,133134920,1830.01,181315671,180781311,1,15,15,true,true,false,true,8790x1710,8790x1710,,,,30103,https://brandedcities.com/wp-assets/photosheets/lv/lv_harmon_ps.pdf
1677395,1040379115,Bryant Park Digital,118022a2-19ff-4580-af2f-3926b8a0f5e8,on_demand,Broadsign,Branded Cities,Bryant Park Digital,Spectacular,Outdoor|Billboards|Spectacular,Midtown Manhattan Spectacular,NEW YORK,10036,New York County - NY,NY,"New York, NY",USA,40.755326,-73.985617,"130 W 42nd Street, NY, NY 10036",12.0000,USD,28297320,607.35,19053873,19005085,1,15,15,true,true,false,true,2304x840,2304x840,,,,30103,http://brandedcities.com/assets/ps_img/ny/NY_BPD.jpg
1681029,OT00M-431,OT00M-431,27bfd10f-82ac-4377-939b-9a8c04467eab,live,API,Outfront,Penn Digital,Spectacular,Outdoor|Billboards|Spectacular,Digital Displays,NEW YORK,10001,New York County - NY,NY,"New York, NY",USA,40.750281,-73.990879,Penn Digital - 7th Avenue @ 33rd Street,25.0000,USD,15702168,519.2515873,72059832,738885,1,8,8,false,true,false,true,2520x1944,2520x1944,,"Cigars,Government,Illegal Content,Law,Non-Standard Content,& Politics,Pornography,Religion & Spirituality",,30103,https://mapweb.outfront.com/handlers/image.ashx?t=photo&m=OT&p=00M-431A
1681034,OT00M-159,OT00M-159,21b0b4d1-1567-434a-be9a-4556a3fa648d,live,API,Outfront,The Beast,Spectacular,Outdoor|Billboards|Spectacular,Digital Displays,NEW YORK,10036,New York County - NY,NY,"New York, NY",USA,40.757363,-73.985576,The Digital Beast - Broadway btw 44th and 45th,25.0000,USD,27289684,1353.65496,127277856,8084357,1,15,15,false,true,false,true,3840x2160,3840x2160,,"Cocktails/Beer,Dating,Gay Life,Government,Incest/Abuse Support,Law,Men's Health,& Politics,Pornography,Pregnancy,Religion & Spirituality,Sexuality,Smoking Cessation,Substance Abuse,Wine,Women's Health",,30103,https://mapweb.outfront.com/handlers/image.ashx?t=photo&m=OT&p=00M-159A
1879372,2003274223,Broadway Plaza Digital,83ac3412-25fe-4fa9-9046-5e8dc39f45f4,live,Broadsign HB,Branded Cities,New York,Spectacular,Outdoor|Billboards|Spectacular,Times Square Spectacular,NEW YORK,10036,New York County - NY,NY,"New York, NY",USA,40.756251,-73.986097,"4 Times Square, NY, NY 10036",12.0000,USD,122845800,807.1,27854520,27769785,1,15,15,true,true,false,true,2656x600,2656x600,,,,30103,http://brandedcities.com/assets/ps_img/ny/ny_bplaza.jpg
1879373,456317698,The bLVd,3256fcf1-61cf-4fb0-a96c-e81770cc22f1,on_demand,Broadsign,Branded Cities,The bLVd,Spectacular,Outdoor|Billboards|Spectacular,Las Vegas Strip,LAS VEGAS,89109,Clark County - NV,NV,"Las Vegas, NV",USA,36.125253,-115.169826,"3300 S Las Vegas Blvd, Las Vegas, NV 89109",10.0000,USD,109801080,872.22,13384854,13340382,1,15,15,true,true,false,true,5376x1376,5376x1376,5376x1376,,,30103,https://brandedcities.com/wp-content/uploads/2021/09/210205_RemyMartin_bLVd_Fsm-uai-2880x1916.jpg
1879374,1426362016,Denver Digital 1038,3d033297-5796-4dd3-9276-09c8746297fd,on_demand,Broadsign HB,Branded Cities,Denver Digital Network 1038D,Spectacular,Outdoor|Billboards|Spectacular,Denver Digital Network,DENVER,80202,Denver County - CO,CO,"Denver, CO",USA,39.742740,-104.994400,"14th & Welton, Denver CO, 80202",20.0000,USD,1290400,32.67,147924,147375,1,15,15,true,true,false,true,880x256,880x256,"880x256,960x540",,,30103,http://brandedcities.com/assets/ps_img/dtd/DTD_1038.jpg
1879381,306222053,Nasdaq,48520ce6-53c4-4212-a4c7-ff30f452c0fe,on_demand,Broadsign,Branded Cities,NASDAQ,Spectacular,Outdoor|Billboards|Spectacular,Times Square Spectacular,NEW YORK,10036,New York County - NY,NY,"New York, NY",USA,40.756389,-73.986026,"4 Times Square, NY, NY 10036",12.0000,USD,157176528,932.63,81192826,80969941,1,15,15,true,true,false,true,1832x2336,1832x2336,1832x2336,,,30103,http://brandedcities.com/assets/ps_img/ny/NY_TS_Nasdaq.jpg
1956965,WAS-DG-503,WAS-DG-503,96078537-08ec-4338-b90f-0d2aca29446d,live,API,Orange Barrel Media,Orange Barrel Media,Spectacular,Outdoor|Billboards|Spectacular,WAS-DG-503,WASHINGTON,20001,District of Columbia County - DC,DC,"Washington, DC (Hagerstown, MD)",USA,38.899061,-77.021632,"Downtown, Penn Quarter, Chinatown / 7th and G Streets at Gallery Place, Capital One Arena",15.0000,USD,6633304,19.19358796,0,0,1,15,15,true,true,false,true,408x522,408x522,408x522,"Dining Out,Extreme Graphic/Explicit Violence,Illegal Content,Pornography,Profane Content,Sexuality",,30103,https://www.dropbox.com/scl/fi/qoqktajo9ig70aw7dn5bv/WAS-DG-503_Spec.pdf?rlkey=h6hgvjfier0x7rnhqvjmmfeou&dl=0
1956966,WAS-DG-502,WAS-DG-502,8f02c2e3-505b-477c-b37d-b3c785d0b0b0,live,API,Orange Barrel Media,Orange Barrel Media,Spectacular,Outdoor|Billboards|Spectacular,WAS-DG-502,WASHINGTON,20001,District of Columbia County - DC,DC,"Washington, DC (Hagerstown, MD)",USA,38.899061,-77.021632,"Downtown, Penn Quarter, Chinatown / 7th and G Streets at Gallery Place, Capital One Arena",15.0000,USD,5598790,16.20020255,0,0,1,15,15,true,true,false,true,408x522,408x522,408x522,"Dining Out,Extreme Graphic/Explicit Violence,Illegal Content,Pornography,Profane Content,Sexuality",,30103,https://www.dropbox.com/scl/fi/2oco0nw9xrhsg6adzt3zk/WAS-DG-502_Spec.pdf?rlkey=2ivegeek8voyzum31iwjjrk6i&dl=0
1956967,PIT-DG-503,PIT-DG-503,1424e86c-6611-4617-93bf-01823e6cdea7,live,VAST,Orange Barrel Media,Orange Barrel Media,Spectacular,Outdoor|Billboards|Spectacular,PIT-DG-503,PITTSBURGH,15223,Allegheny County - PA,PA,"Pittsburgh, PA",USA,40.494288,-79.941556,Route 28 at Route 8 between Fox Chapel and Downtown,10.0000,USD,2106953,6.09650752,276086,60794,1,15,15,false,true,false,true,380x570,380x570,380x570,"Illegal Content,Non-Standard Content,Sexuality",,30103,https://www.dropbox.com/scl/fi/qcof8t0d20kdxrnhhbofa/PIT-DG-503_Spec.pdf?rlkey=r26mtrj0eqhz8ac7re5r7yfzx&dl=0
1956970,NOR-DG-501,NOR-DG-501,817b72d4-0e6b-40f6-a490-840535404667,live,API,Orange Barrel Media,Orange Barrel Media,Spectacular,Outdoor|Billboards|Spectacular,NOR-DG-501,NORFOLK,23510,Norfolk County - VA,VA,"Norfolk-Portsmouth-Newport News, VA",USA,36.844653,-76.291465,"Norfolk, Waterside / 333 Waterside Drive, Corner of Martins Lane and Waterside Drive",15.0000,USD,2912780,8.42818287,137125,26456,1,15,15,false,true,false,true,480x696,480x696,480x696,"Government,Illegal Content,Law,Non-Standard Content,& Politics,Religion & Spirituality",,30103,https://www.dropbox.com/scl/fi/fyj5tx4pwstma9hxsvmoo/NOR-DG-501_Spec.pdf?rlkey=ig0brlndfpvzpom9u9ugkzftq&dl=0
1956971,NOR-DG-500,NOR-DG-500,505b47a2-85d6-49ab-aa38-ae9f2a00b00a,live,API,Orange Barrel Media,Orange Barrel Media,Spectacular,Outdoor|Billboards|Spectacular,NOR-DG-500,NORFOLK,23510,Norfolk County - VA,VA,"Norfolk-Portsmouth-Newport News, VA",USA,36.844378,-76.290284,"Norfolk, Waterside / 333 Waterside Drive, Corner of Atlantic Street and Waterside Drive",15.0000,USD,1313589,3.8008941,144890,24014,1,15,15,false,true,false,true,480x696,480x696,480x696,"Government,Illegal Content,Law,Non-Standard Content,& Politics,Religion & Spirituality",,30103,https://www.dropbox.com/scl/fi/ys4fqtoc5ir2zy2m1rrpe/NOR-DG-500_Spec.pdf?rlkey=ckjxj7pammiarbimmwiv34mqs&dl=0
1956972,LA-DG-506,LA-DG-506,5b7bb5b2-a4f5-49ca-827c-3ab85a546650,live,API,Orange Barrel Media,Orange Barrel Media,Spectacular,Outdoor|Billboards|Spectacular,LA-DG-506,LOS ANGELES,90028,Los Angeles County - CA,CA,"Los Angeles, CA",USA,34.101483,-118.331484,Los Angeles / Hollywood / Fox Theatre,15.0000,USD,15121081,43.75312789,2059479,640493,2,15,15,true,true,false,true,792x216,792x216,792x216,"Bicycling,Bodybuilding,Boxing,Dining Out,Government,Illegal Content,Law,Politics,& Politics,Pornography",,30103,https://www.dropbox.com/scl/fi/5nig1g6rbzgjnbnl41g02/LA-DG-506_Spec.pdf?rlkey=uiw2ywb67u13vhirsmp3y6pbd&dl=0
1956973,KC-DG-503,KC-DG-503,2a4d224c-2985-4101-ace3-9a134a75614e,live,API,Orange Barrel Media,Orange Barrel Media,Spectacular,Outdoor|Billboards|Spectacular,KC-DG-503,KANSAS CITY,64106,Jackson County - MO,MO,"Kansas City, MO-KS",USA,39.096461,-94.581380,"Power & Light District, Kansas City, MO / Located on Two Light Luxury Apartments at the corner of Truman and Grand; adjacent to the Sprint Center",15.0000,USD,9938412,28.75697917,475447,49285,1,15,15,true,true,false,true,1044x522,1044x522,1044x522,"Government,Illegal Content,Law,Non-Standard Content,& Politics,Real Estate",,30103,https://www.dropbox.com/scl/fi/8a9xiqe93bc2t9mtkqomp/KC-DG-503_Spec.pdf?rlkey=ayno94qiooxbw37hbziq4nxvf&dl=0
1956974,KC-DG-502,KC-DG-502,14f85ab4-d83c-4ee6-a029-0dc3c77d2b9f,live,API,Orange Barrel Media,Orange Barrel Media,Spectacular,Outdoor|Billboards|Spectacular,KC-DG-502,KANSAS CITY,64105,Jackson County - MO,MO,"Kansas City, MO-KS",USA,39.097700,-94.583400,"Power & Light District, Kansas City, MO / 1350 Main Street in front of the Garment District, adjacent to the Kansas City Convention Center",15.0000,USD,5805400,16.79803241,132501,16302,1,15,15,true,true,false,true,688x728,688x728,688x728,"Government,Illegal Content,Law,Non-Standard Content,& Politics,Real Estate",,30103,https://www.dropbox.com/scl/fi/t4bzj8dnoryfsrscrud32/KC-DG-502_Spec.pdf?rlkey=2qpniptkwpk1jggltrfmkp03f&dl=0
1956975,KC-DG-501,KC-DG-501,f13630a9-a2db-4433-adbc-930b75273338,live,API,Orange Barrel Media,Orange Barrel Media,Spectacular,Outdoor|Billboards|Spectacular,KC-DG-501,KANSAS CITY,64106,Jackson County - MO,MO,"Kansas City, MO-KS",USA,39.097500,-94.581200,"Power & Light District, Kansas City, MO / 1370 Grand Boulevard in front of Sprint Center and KC LIVE!",15.0000,USD,9019569,26.09828993,102683,35067,1,15,15,true,true,false,true,688x768,688x768,688x768,"Government,Illegal Content,Law,Non-Standard Content,& Politics,Real Estate",,30103,https://www.dropbox.com/scl/fi/irp4bhtwhcet984uk4o4r/KC-DG-501_Spec.pdf?rlkey=tbkj41e8n57ec89zdrqrnlbgg&dl=0
1956976,KC-DG-500,KC-DG-500,472b4ae3-54c8-4264-a3c9-60f345a4d11e,live,API,Orange Barrel Media,Orange Barrel Media,Spectacular,Outdoor|Billboards|Spectacular,KC-DG-500,KANSAS CITY,64106,Jackson County - MO,MO,"Kansas City, MO-KS",USA,39.097500,-94.581200,"Power & Light District, Kansas City, MO / 1370 Grand Boulevard in front of Sprint Center and KC LIVE!",15.0000,USD,8346003,24.14931424,472228,53115,1,15,15,true,true,false,true,688x768,688x768,688x768,"Government,Illegal Content,Law,Non-Standard Content,& Politics,Real Estate",,30103,https://www.dropbox.com/scl/fi/f7ean2do146lh4ob4gqbd/KC-DG-500_Spec.pdf?rlkey=9mt67qt6d4szqrhf8wr6lgn3k&dl=0
1956977,DEN-DG-514,DEN-DG-514,3b61adf4-6f7f-417d-9ed6-6f4e933aa6b7,live,API,Orange Barrel Media,Orange Barrel Media,Spectacular,Outdoor|Billboards|Spectacular,DEN-DG-514,DENVER,80202,Denver County - CO,CO,"Denver, CO",USA,39.743556,-104.990233,"Downtown Denver, 16th Street between Tremont & Glenarm St",10.0000,USD,9954328,28.80303241,521218,184568,2,15,15,true,true,false,true,270x495,270x495,270x495,"Bed & Breakfasts,Government,Hotels,Law,Non-Standard Content,& Politics,Profane Content,Religion & Spirituality,Sexuality",,30103,https://www.dropbox.com/scl/fi/t1h6lqhecms7yoi6ficw1/DEN-DG-514_Spec.pdf?rlkey=lvhymf0ge844qwo7cjd7wwjkh&dl=0
1956978,DEN-DG-513,DEN-DG-513,99a6b785-9c2d-430e-8ec0-68cfa416279c,live,API,Orange Barrel Media,Orange Barrel Media,Spectacular,Outdoor|Billboards|Spectacular,DEN-DG-513,DENVER,80202,Denver County - CO,CO,"Denver, CO",USA,39.744074,-104.990909,"Downtown Denver, 16th Street between Welton & Glenarm St",10.0000,USD,7947559,22.99640914,495322,156756,2,15,15,true,true,false,true,270x495,270x495,270x495,"Bed & Breakfasts,Government,Hotels,Law,Non-Standard Content,& Politics,Profane Content,Religion & Spirituality,Sexuality",,30103,https://www.dropbox.com/scl/fi/qe4a32x9t03ha9gz7romq/DEN-DG-513_Spec.pdf?rlkey=qo1o4ny4bdo10gsrtwb3iglet&dl=0
1956979,WAS-DG-507,WAS-DG-507,4a73991a-03f8-4c17-9a68-0e7bb870ecc0,live,API,Orange Barrel Media,Orange Barrel Media,Spectacular,Outdoor|Billboards|Spectacular,WAS-DG-507,WASHINGTON,20003,District of Columbia County - DC,DC,"Washington, DC (Hagerstown, MD)",USA,38.874800,-77.006089,Navy Yard/ Nationals Ball Park / 1299 First Street SE at N Street,20.0000,USD,2827064,8.18016204,235121,73539,2,15,15,false,true,false,true,1008x288,1008x288,1008x288,"Extreme Graphic/Explicit Violence,Illegal Content,Personal Finance,Politics,Pornography,Profane Content,Religion & Spirituality",,30103,https://www.dropbox.com/scl/fi/0skkvhc8qrux4ktupfqjn/WAS-DG-507_Spec.pdf?rlkey=0ukl08g1czh2kjjnx47aeg74p&dl=0
1956980,WAS-DG-506,WAS-DG-506,6b63e4db-9b67-4fde-94cd-c8266f0281ea,live,API,Orange Barrel Media,Orange Barrel Media,Spectacular,Outdoor|Billboards|Spectacular,WAS-DG-506,WASHINGTON,20003,District of Columbia County - DC,DC,"Washington, DC (Hagerstown, MD)",USA,38.874784,-77.007258,Nationals Ballpark District/ Washington D.C.,20.0000,USD,6143466,17.77623264,306987,32940,2,15,15,false,true,false,true,1800x252,1800x252,1800x252,"Dining Out,Extreme Graphic/Explicit Violence,Illegal Content,Politics,Pornography,Profane Content,Religion & Spirituality",,30103,https://www.dropbox.com/scl/fi/sne8bmo1fgfjrhhekzsns/WAS-DG-506_Spec.pdf?rlkey=ra2vvojgv6za9rkfqszy3d9hu&dl=0
1956981,WAS-DG-505,WAS-DG-505,04e1e590-169a-41ca-9b4f-7308aa2bf8ab,live,API,Orange Barrel Media,Orange Barrel Media,Spectacular,Outdoor|Billboards|Spectacular,WAS-DG-505,WASHINGTON,20003,District of Columbia County - DC,DC,"Washington, DC (Hagerstown, MD)",USA,38.874774,-77.008262,Navy Yard/ Nationals Ball Park / 1221 Van Street,20.0000,USD,8244527,23.85569155,386300,44994,2,15,15,false,true,false,true,1764x360,1764x360,1764x360,"Dining Out,Extreme Graphic/Explicit Violence,Illegal Content,Politics,Pornography,Profane Content,Religion & Spirituality",,30103,https://www.dropbox.com/scl/fi/v0bcrars2ghx4jbqxolew/WAS-DG-505_Spec.pdf?rlkey=ko6g0g80suvnw9dney4l409xc&dl=0
1956982,WAS-DG-504,WAS-DG-504,7aeede47-5823-4420-97a1-43d6206ad268,live,API,Orange Barrel Media,Orange Barrel Media,Spectacular,Outdoor|Billboards|Spectacular,WAS-DG-504,WASHINGTON,20003,District of Columbia County - DC,DC,"Washington, DC (Hagerstown, MD)",USA,38.874751,-77.007653,Navy Yard/ Nationals Ball Park / 1201 Half Street SE,20.0000,USD,4844399,14.01735822,576422,183360,2,15,15,false,true,false,true,2592x360,2592x360,2592x360,"Dining Out,Extreme Graphic/Explicit Violence,Illegal Content,Politics,Pornography,Profane Content,Religion & Spirituality",,30103,https://www.dropbox.com/scl/fi/k1zhxi9mioj9rgo1i4qdf/WAS-DG-504_Spec.pdf?rlkey=ni91lam9xk3gx9bk3pjtl19zs&dl=0
1956983,WAS-DG-500,WAS-DG-500,f88c31e9-6ba3-47de-a3bf-76b9749db130,live,API,Orange Barrel Media,Orange Barrel Media,Spectacular,Outdoor|Billboards|Spectacular,WAS-DG-500,WASHINGTON,20001,District of Columbia County - DC,DC,"Washington, DC (Hagerstown, MD)",USA,38.899694,-77.021721,"Downtown, Penn Quarter, Chinatown / 7th and H Streets at Gallery Place, Capital One Arena",25.0000,USD,11527037,33.35369502,1101968,89870,3,15,15,true,true,false,true,1440x270,1440x270,1440x270,"Cell Phones,Dining Out,Extreme Graphic/Explicit Violence,Illegal Content,Politics,Pornography,Profane Content,Sexuality",,30103,https://www.dropbox.com/scl/fi/ovhfkbfad9alelg3tfdtn/WAS-DG-500_Spec.pdf?rlkey=nsvf8omq14l5h4sawrdqb1lah&dl=0
1956984,PIT-DG-502,PIT-DG-502,c5452061-b47b-4f83-9b32-914e70500ee3,live,VAST,Orange Barrel Media,Orange Barrel Media,Spectacular,Outdoor|Billboards|Spectacular,PIT-DG-502,PITTSBURGH,15223,Allegheny County - PA,PA,"Pittsburgh, PA",USA,40.494288,-79.941556,Route 28 at Route 8 between Fox Chapel and Downtown,10.0000,USD,2117422,6.12679977,272950,47125,1,15,15,false,true,false,true,380x570,380x570,380x570,"Illegal Content,Non-Standard Content,Sexuality",,30103,https://www.dropbox.com/scl/fi/j3ogklq2khvws5kie7ap2/PIT-DG-502_Spec.pdf?rlkey=c33nvn48bb8ief7zzyiyyn4ab&dl=0
1956985,DEN-DG-511,DEN-DG-511,e8c00544-ee82-4cf8-b35e-888dc8d013a1,live,API,Orange Barrel Media,Orange Barrel Media,Spectacular,Outdoor|Billboards|Spectacular,DEN-DG-511,DENVER,80204,Denver County - CO,CO,"Denver, CO",USA,39.744415,-104.999793,"Downtown Denver, Colorado Convention Center / Speer & Arapahoe",18.0000,USD,5210972,15.07804398,512717,186968,1,15,15,true,true,false,true,1248x684,1248x684,1248x684,"Bed & Breakfasts,Government,Hotels,Law,Non-Standard Content,& Politics,Profane Content,Religion & Spirituality,Sexuality",,30103,https://www.dropbox.com/scl/fi/ig5nlo7lrqmqkpah75pi7/DEN-DG-511_Spec.pdf?rlkey=3a9tz0d91j8r0rxkl4big75ut&dl=0
1956986,DEN-DG-510,DEN-DG-510,1bc2b43d-903e-498a-885e-4393fbe03ca2,live,API,Orange Barrel Media,Orange Barrel Media,Spectacular,Outdoor|Billboards|Spectacular,DEN-DG-510,DENVER,80202,Denver County - CO,CO,"Denver, CO",USA,39.740802,-104.998332,"Downtown Denver, Colorado Convention Center / Speer & Colfax",18.0000,USD,7251807,20.98323785,137285,68030,1,15,15,true,true,false,true,1248x684,1248x684,1248x684,"Bed & Breakfasts,Government,Hotels,Law,Non-Standard Content,& Politics,Profane Content,Religion & Spirituality,Sexuality",,30103,https://www.dropbox.com/scl/fi/v835dgfdwowdvxgntk2y3/DEN-DG-510_Spec.pdf?rlkey=izo060fc576doo6xmbmsh5ya2&dl=0
1956988,DEN-DG-508,DEN-DG-508,02deb566-f11a-4ad0-83c1-1359e7877075,live,API,Orange Barrel Media,Orange Barrel Media,Spectacular,Outdoor|Billboards|Spectacular,DEN-DG-508,DENVER,80202,Denver County - CO,CO,"Denver, CO",USA,39.745859,-104.998083,"Downtown Denver, DPAC Parking Garage / 14th & Arapahoe",10.0000,USD,10945827,31.67195313,579615,318373,2,15,15,true,true,false,true,1080x216,1080x216,1080x216,"Bed & Breakfasts,Government,Hotels,Law,Non-Standard Content,& Politics,Profane Content,Religion & Spirituality,Sexuality",,30103,https://www.dropbox.com/scl/fi/bh1iqr539hz04ereyxhhx/DEN-DG-508_Spec.pdf?rlkey=fz8tp3sovjsk7vfi9erszcz2z&dl=0
1956989,DEN-DG-507,DEN-DG-507,42c5ca62-75bc-4be1-a30e-235fdc78b368,live,API,Orange Barrel Media,Orange Barrel Media,Spectacular,Outdoor|Billboards|Spectacular,DEN-DG-507,DENVER,80202,Denver County - CO,CO,"Denver, CO",USA,39.748482,-104.995616,"Downtown Denver, 16th Street Mall / 16th & Arapahoe",18.0000,USD,36175063,104.6732147,2011947,1229249,2,15,15,true,true,false,true,1720x420,1720x420,1720x420,"Bed & Breakfasts,Government,Hotels,Law,Non-Standard Content,& Politics,Profane Content,Religion & Spirituality,Sexuality",,30103,https://www.dropbox.com/scl/fi/luk1a63pb869r4m3lqfwy/DEN-DG-507_Spec.pdf?rlkey=h88sm7wt5vpe1rynj3pjrskjs&dl=0
1956990,COL-DG-501,COL-DG-501,ea264e91-5086-44e5-b9ff-c63b3110c159,on_demand,API,Orange Barrel Media,Orange Barrel Media,Spectacular,Outdoor|Billboards|Spectacular,COL-DG-501,COLUMBUS,43215,Franklin County - OH,OH,"Columbus, OH",USA,39.962416,-83.000503,Downtown Columbus / Broad & High: Corner of Broad Street at High Street,5.0000,USD,19199084,55.55290509,884779,115097,2,15,15,true,false,false,true,1920x1080,1920x1080,1920x1080,,,30103,""
1956991,CIN-DG-504,CIN-DG-504,ff56db82-95c9-467b-9fc2-f0a239a44e50,live,API,Orange Barrel Media,Orange Barrel Media,Spectacular,Outdoor|Billboards|Spectacular,CIN-DG-504,CINCINNATI,45202,Hamilton County - OH,OH,"Cincinnati, OH",USA,39.102103,-84.515049,Downtown Cincinnati / 6th & Race,15.0000,USD,5961625,17.25007234,275368,31960,2,15,15,true,true,false,true,1440x390,1440x390,1440x390,"Alternative Religions,Atheism/Agnosticism,Buddhism,Catholicism,Christianity,Extreme Graphic/Explicit Violence,Government,Hinduism,Islam,Judaism,Law,Politics,& Politics,Pornography,Profane Content,Religion & Spirituality",,30103,https://www.dropbox.com/scl/fi/n86auwk9yzejhtlwqvrfh/CIN-DG-504_Spec.pdf?rlkey=wvvt7gyi9tpjic17coisb1zw9&dl=0
1956992,CIN-DG-503,CIN-DG-503,05db46a0-167d-49ad-967c-a49a6c9d2e92,live,API,Orange Barrel Media,Orange Barrel Media,Spectacular,Outdoor|Billboards|Spectacular,CIN-DG-503,CINCINNATI,45202,Hamilton County - OH,OH,"Cincinnati, OH",USA,39.107334,-84.512425,Downtown Cincinnati / E Central Parkway & Walnut (East),15.0000,USD,2649186,7.66546875,131584,20041,1,15,15,true,true,false,true,520x1020,520x1020,520x1020,"Alternative Religions,Atheism/Agnosticism,Buddhism,Catholicism,Christianity,Extreme Graphic/Explicit Violence,Government,Hinduism,Illegal Content,Islam,Judaism,Law,Politics,& Politics,Pornography,Profane Content,Religion & Spirituality",,30103,https://www.dropbox.com/scl/fi/4food4b5wk5skug46a2j3/CIN-DG-503_Spec.pdf?rlkey=i5itjtv6mj8zxataeqsqllf2h&dl=0
1956993,CIN-DG-502,CIN-DG-502,9faed01a-1b6e-43fd-8907-e3e22efbd704,live,API,Orange Barrel Media,Orange Barrel Media,Spectacular,Outdoor|Billboards|Spectacular,CIN-DG-502,CINCINNATI,45202,Hamilton County - OH,OH,"Cincinnati, OH",USA,39.107334,-84.512425,Downtown Cincinnati / E Central Parkway & Walnut,15.0000,USD,,,0,0,1,15,15,true,true,false,true,520x1020,520x1020,520x1020,"Alternative Religions,Atheism/Agnosticism,Buddhism,Catholicism,Christianity,Hinduism,Islam,Judaism",,30103,""
1956994,CIN-DG-501,CIN-DG-501,a0277dc4-73a9-43dd-8f80-fce01d177362,live,API,Orange Barrel Media,Orange Barrel Media,Spectacular,Outdoor|Billboards|Spectacular,CIN-DG-501,CINCINNATI,45202,Hamilton County - OH,OH,"Cincinnati, OH",USA,39.105277,-84.508441,Downtown Cincinnati / 8th & Sycamore,15.0000,USD,,,20205,2447,1,15,15,true,true,false,true,520x930,520x930,520x930,"Alternative Religions,Atheism/Agnosticism,Buddhism,Catholicism,Christianity,Hinduism,Islam,Judaism",,30103,""
1956995,CIN-DG-500,CIN-DG-500,c48c7c07-93fa-49e4-a63b-c7bce4a93fc7,live,API,Orange Barrel Media,Orange Barrel Media,Spectacular,Outdoor|Billboards|Spectacular,CIN-DG-500,CINCINNATI,45202,Hamilton County - OH,OH,"Cincinnati, OH",USA,39.104470,-84.508190,Downtown Cincinnati / 7th & Sycamore,15.0000,USD,3801038,10.99837384,206517,28571,1,15,15,true,true,false,true,520x930,520x930,520x930,"Alternative Religions,Atheism/Agnosticism,Buddhism,Catholicism,Christianity,Extreme Graphic/Explicit Violence,Government,Hinduism,Illegal Content,Islam,Judaism,Law,Politics,& Politics,Pornography,Profane Content,Religion & Spirituality",,30103,https://www.dropbox.com/scl/fi/5k9guomsf9i3q52awkxu6/CIN-DG-500_Spec.pdf?rlkey=os803kwz704t0vc3o3rrqd0b8&dl=0
1956998,CHA-DG-504,CHA-DG-504,6197e961-0051-4901-a66e-1e3445067cd6,live,API,Orange Barrel Media,Orange Barrel Media,Spectacular,Outdoor|Billboards|Spectacular,CHA-DG-504,CHARLOTTE,28202,Mecklenburg County - NC,NC,"Charlotte, NC",USA,35.225400,-80.843000,"EpiCentre, Uptown Charlotte / 4th Street Digital Blade 4th Street S/O College St.",18.0000,USD,4084376,11.81797619,3307,1131,1,15,15,true,true,false,true,440x870,440x870,440x870,,,30103,https://www.dropbox.com/scl/fi/bjju6azhmqqwfs05bmoxf/CHA-DG-504_Spec.pdf?rlkey=8h4y7i2yjsuzagfunp2bb0bh9&dl=0
1957003,BOS-DG-506,BOS-DG-506,e9e4798c-a9e4-4c52-8925-41a531082c59,live,API,Orange Barrel Media,Orange Barrel Media,Spectacular,Outdoor|Billboards|Spectacular,BOS-DG-506,BOSTON,02210,Suffolk County - MA,MA,"Boston (Manchester), MA-NH",USA,42.352162,-71.045612,"South Boston, Waterfront / Seaport Blvd and Northern Ave",25.0000,USD,14558838,42.12626736,955599,83072,2,15,15,false,true,false,true,768x696,768x696,768x696,Sexuality,,30103,https://www.dropbox.com/scl/fi/qmryr6vvzm9awk6gn8t2s/BOS-DG-506_Spec.pdf?rlkey=fnkiinv84daqhxvwi63rs967n&dl=0
1957005,BOS-DG-504,BOS-DG-504,e87e459c-d421-43f9-9610-2df77e24a951,live,API,Orange Barrel Media,Orange Barrel Media,Spectacular,Outdoor|Billboards|Spectacular,BOS-DG-504,BOSTON,02116,Suffolk County - MA,MA,"Boston (Manchester), MA-NH",USA,42.350966,-71.065367,"Theater District, Chinatown / W Boston Hotel",18.0000,USD,15499637,44.84848669,664082,78077,1,15,15,false,true,false,true,680x900,680x900,680x900,Sexuality,,30103,https://www.dropbox.com/s/4o4fplrrq7uydma/BOS-DG-504_Spec.pdf?dl=0
1957009,ATL-DG-506,ATL-DG-506,08025b26-fca7-4828-ae89-f6690fad5814,live,API,Orange Barrel Media,Orange Barrel Media,Spectacular,Outdoor|Billboards|Spectacular,ATL-DG-506,ATLANTA,30303,Fulton County - GA,GA,"Atlanta, GA",USA,33.750998,-84.389921,Downtown Atlanta / The Underground / 75 MLK Jr Dr. SW,18.0000,USD,26674201,77.18229456,2197596,173309,2,15,15,true,true,false,true,2340x630,2340x630,2340x630,,,30103,https://www.dropbox.com/scl/fi/xi2mu2cizvfxnh3s1gio5/ATL-DG-506_Spec.pdf?rlkey=hb149r5hdbw97e33kn2ctyo6c&dl=0
1957010,ATL-DG-505,ATL-DG-505,028186f7-a6cc-4efc-a71d-1a4b7ee5d0da,live,API,Orange Barrel Media,Orange Barrel Media,Spectacular,Outdoor|Billboards|Spectacular,ATL-DG-505,ATLANTA,30313,Fulton County - GA,GA,"Atlanta, GA",USA,33.753689,-84.398917,Downtown Atlanta / Reverb Hotel / 89 Centennial Olympic Park Dr,25.0000,USD,19673032,56.92428241,1842522,941886,1,15,15,true,true,false,true,768x2616,768x2616,768x2616,,,30103,https://www.dropbox.com/scl/fi/ly6bpl1jfqp90w0o4rhrn/ATL-DG-505_Spec.pdf?rlkey=hmwm2zqqoyvcto9u5u1ljfrbh&dl=0
1957011,ATL-DG-504,ATL-DG-504,e404f972-3914-45e4-af15-3efa88a84249,live,API,Orange Barrel Media,Orange Barrel Media,Spectacular,Outdoor|Billboards|Spectacular,ATL-DG-504,ATLANTA,30303,Fulton County - GA,GA,"Atlanta, GA",USA,33.760450,-84.387425,Peachtree Center / 235 Peachtree St NW,18.0000,USD,7463501,21.59577836,1083415,68034,2,15,15,true,true,false,true,2840x330,2840x330,2840x330,,,30103,https://www.dropbox.com/scl/fi/poadr5fb6vgvdxx747wrz/ATL-DG-504_Spec.pdf?rlkey=5cjcxcpv1g0kw4kn3uumlmc53&dl=0
1957012,ATL-DG-503,ATL-DG-503,5a5c62e9-2d43-435a-bf36-678e9b7ccf8b,live,API,Orange Barrel Media,Orange Barrel Media,Spectacular,Outdoor|Billboards|Spectacular,ATL-DG-503,ATLANTA,30303,Fulton County - GA,GA,"Atlanta, GA",USA,33.759218,-84.389703,American Hotel / 160 Ted Turner Dr NW,10.0000,USD,2943319,8.51654803,290730,117455,1,15,15,true,true,false,true,264x778,264x778,264x778,,,30103,https://www.dropbox.com/scl/fi/9jjuuk0klquykquyobepp/ATL-DG-503_Spec.pdf?rlkey=tlf1ug2y59pgkmstfg6yw0tnw&dl=0
1957014,ATL-DG-501,ATL-DG-501,3363ac3b-4536-4206-a0f5-da7aee81bee5,live,API,Orange Barrel Media,Orange Barrel Media,Spectacular,Outdoor|Billboards|Spectacular,ATL-DG-501,ATLANTA,30303,Fulton County - GA,GA,"Atlanta, GA",USA,33.759617,-84.387705,"The Westin, Peachtree St & Andrew Young International blvd / 210 Peachtree St NW",18.0000,USD,14444186,41.79451968,1000206,107446,2,15,15,true,true,false,true,1128x418,1128x418,1128x418,,,30103,https://www.dropbox.com/scl/fi/8jmdqvyrgaoj3pqy2ua5w/ATL-DG-501_Spec.pdf?rlkey=5wrj3xqgrcqezbi750jk29ik6&dl=0
1987017,1214642202,Midtown Financial (MiFi),b326b284-f2e2-421c-accf-0bce232c767a,on_demand,Broadsign,Branded Cities,Midtown Financial (MiFi),Spectacular,Outdoor|Billboards|Spectacular,Times Square Spectacular,NEW YORK,10036,New York County - NY,NY,"New York, NY",USA,40.756661,-73.986701,"3 Times Square, New York, NY 10036",12.0000,USD,178335360,1260.2,95982854,95718250,1,15,15,true,true,false,true,3840x4320,3840x4320,3840x4320,,,30103,http://brandedcities.com/assets/ps_img/ny/ny_mf.jpg
1987018,647004344,63LV,3424be40-987f-4607-8511-aaae9438060a,on_demand,Broadsign,Branded Cities,63LV,Spectacular,Outdoor|Billboards|Spectacular,Las Vegas Strip,LAS VEGAS,89158,Clark County - NV,NV,"Las Vegas, NV",USA,36.108718,-115.173817,"3720 S Las Vegas Blvd, Las Vegas, NV 89158",10.0000,USD,94404360,880.93,124709322,114828160,1,15,15,true,true,false,true,2880x784,2880x784,2880x784,,,30103,http://brandedcities.com/assets/ps_img/lv/lv_63lv.jpg
2119177,569755532,8th Avenue Digital,fbcf9ebf-9e92-4ce7-a920-e97c949cc7dd,on_demand,Broadsign HB,Branded Cities,8th Ave Digital (PABT1),Spectacular,Outdoor|Billboards|Spectacular,Midtown Manhattan Spectacular,NEW YORK,10018,New York County - NY,NY,"New York, NY",USA,40.756120,-73.990830,"625 8th Avenue, New York, NY 10018",8.0000,USD,28986360,280.3,9934378,9912586,1,15,15,true,true,false,true,768x1296,768x1296,1296x768,,,30103,https://brandedcities.com/wp-assets/photosheets/ny/ny_8thave_ps.pdf
2332190,777758439,The Horseshoe,6c1a6715-0868-4daa-9cc6-436cec42bda7,on_demand,Broadsign,Branded Cities,The Horseshoe,Spectacular,Outdoor|Billboards|Spectacular,Las Vegas Strip,LAS VEGAS,89109,Clark County - NV,NV,"Las Vegas, NV",USA,36.114340,-115.172560,"3645 S Las Vegas Blvd, Las Vegas, NV 89109",10.0000,USD,102020720,1565.61,87570646,87356118,3,15,15,true,true,false,true,3840x4320,3840x4320,3840x4320,,,30103,""
2703139,NYC000252,NYC000252,4691b26e-8812-4320-9d48-261eac046d30,live,API,ClearChannelOutdoor,ClearChannelOutdoor Times Square,Spectacular,Outdoor|Billboards|Spectacular,NYC000252,NEW YORK,10036,New York County - NY,NY,"New York, NY",USA,40.756819,-73.985875,"",18.0000,USD,,757.5385643,0,0,1,15,15,true,true,false,true,1584x792,1584x792,,"Entertainment,Illegal Content,Movies,Non-Standard Content,Politics,Television,Theme Parks",,30103,""
12841606,21762188-f517-4ee7-a8dc-59625030b4bb,SF.D100 LED01- BP,6f3a2271-b52d-4e14-bcbf-695204b41710,live,API,Big Outdoor,Big Outdoor,Spectacular,Outdoor|Billboards|Spectacular,Broadway Plaza,WALNUT CREEK,94596,Contra Costa County - CA,CA,"San Francisco-Oakland-San Jose, CA",USA,37.895430,-122.057130,"1275 Broadway Plaza, Walnut Creek, CA 94596",13.0000,USD,96034,1.136766098,419978,36858,1,15,15,true,true,true,true,1920x1080,1920x1080,1920x1080,,,30103,https://bigoutdoor.box.com/s/sasb8jqi1f5s9q1q7y16dud2zeqjkoag
12841611,821370816,NY.D500- 1627 Broadway - Wall Primary,96aebba2-1b54-4247-8367-2bea83809869,live,API,Big Outdoor,Big Outdoor,Spectacular,Outdoor|Billboards|Spectacular,Gateway to Times Square,NEW YORK,10019,New York County - NY,NY,"New York, NY",USA,40.761400,-73.984190,"1627 Broadway, New York, NY 10019",17.0000,USD,9345788,69.5371131,1865874,255306,1,15,15,true,true,false,true,2880x960,2880x960,2880x960,,,30103,https://bigoutdoor.box.com/s/x3azlzr8z9us7plxif1z5bnakqb23bsa
12841612,784017693,NY.D500- 1627 Broadway - Roof,82e2491a-fbf8-4a86-a3c5-91b65212d37e,live,API,Big Outdoor,Big Outdoor,Spectacular,Outdoor|Billboards|Spectacular,Gateway to Times Square,NEW YORK,10019,New York County - NY,NY,"New York, NY",USA,40.761400,-73.984180,"1627 Broadway, New York, NY 10019",17.0000,USD,7622102,56.71206845,1757723,169843,1,15,15,true,true,false,true,2280x780,2280x780,2280x780,,,30103,https://bigoutdoor.box.com/s/x3azlzr8z9us7plxif1z5bnakqb23bsa
12841629,445558416,LA.D118 - LF - Player 1,6f7d1f76-d13d-49f2-9d53-e92edbaa3dca,live,API,Big Outdoor,Big Outdoor,Spectacular,Outdoor|Billboards|Spectacular,Noho West,NORTH HOLLYWOOD,91606,Los Angeles County - CA,CA,"Los Angeles, CA",USA,34.181070,-118.394810,"6150 Laurel Canyon, North Hollywood, CA 91606",13.0000,USD,42735,0.324931569,64676,22821,1,15,15,true,true,false,true,1920x1080,1920x1080,1920x1080,,,30103,https://bigoutdoor.box.com/s/4kvant990z8vkjdfbjpgpbfm4nyusp2w
12841630,538533752,LA.D117 South AM3 - Hortizontal,d8e25da6-c8c0-4554-9e45-7cc4d5247a20,live,API,Big Outdoor,Big Outdoor,Spectacular,Outdoor|Billboards|Spectacular,Noho West,NORTH HOLLYWOOD,91606,Los Angeles County - CA,CA,"Los Angeles, CA",USA,34.179940,-118.394590,"6150 Laurel Canyon, North Hollywood, CA 91606",13.0000,USD,24679770,68.01083032,5986347,926114,1,10,10,false,true,false,true,1920x1080,1920x1080,1920x1080,,,30103,https://bigoutdoor.box.com/s/gimd3h51c044ye4pd454ns80ayeuonz9
12841670,703817540,ATL.D400-LED2- 101 Marietta,d2411f44-39bf-47b8-ac1e-dd9744f59c6e,live,API,Big Outdoor,Big Outdoor,Spectacular,Outdoor|Billboards|Spectacular,101 Marietta,ATLANTA,30303,Fulton County - GA,GA,"Atlanta, GA",USA,33.756650,-84.392120,"101 Marietta Street, Atlanta, GA 30303",17.0000,USD,509837,3.79343006,356536,30803,1,15,15,true,true,false,true,840x400,840x400,840x400,,,30103,https://bigoutdoor.box.com/s/c7r0vwne17l3y2qpos55liqb6omd129f
12841671,339088683,ATL.D400-LED- 101 Marietta,01caacc7-3e9b-4110-a086-5f2ddddd04c1,live,API,Big Outdoor,Big Outdoor,Spectacular,Outdoor|Billboards|Spectacular,101 Marietta,ATLANTA,30303,Fulton County - GA,GA,"Atlanta, GA",USA,33.756960,-84.392460,"101 Marietta Street, Atlanta, GA 30303",17.0000,USD,24679770,87.34257749,6267379,707897,1,15,15,true,true,false,true,2640x600,2640x600,2640x600,,,30103,https://bigoutdoor.box.com/s/1zj1pjeztrk2o4ilw5rc3lqtt2nni44o
72454991,935079225,LA.D115 - APEX P1,78d7763f-accc-400f-abbd-4ea9576838e5,live,API,Big Outdoor,Big Outdoor,Spectacular,Outdoor|Billboards|Spectacular,APEX,LOS ANGELES,90015,Los Angeles County - CA,CA,"Los Angeles, CA",USA,34.046100,-118.262500,"700 W. 9th Street Los Angeles, CA 90015",13.0000,USD,40453694,71.34690265,4464318,2130177,1,8,8,false,true,false,true,1888x480,1888x480,1888x480,,,30103,https://bigoutdoor.box.com/s/97wyh3ai4vvpdmhpmqkx8no2xk290yuk
76023444,3028B - LED (Walkway),Ovation Hollywood Interior Digital,d0a59264-d29f-4f14-b486-0ff4c097f1a1,live,API,New Tradition,New Tradition,,Outdoor|Billboards|Spectacular,Ovation Hollywood,LOS ANGELES,90028,Los Angeles County - CA,CA,"Los Angeles, CA",USA,34.102519,-118.339360,"6801 Hollywood Blvd, Hollywood, CA 90028",8.0000,USD,80316,95.5,56554728,4182608,1,15,15,false,true,false,true,2432x448,2432x448,2432x448,"Illegal Content,Non-Standard Content",,30103,https://www.dropbox.com/scl/fo/xej3l9ua9px3tls3i4f9h/AF6cSfgfE6B0QJVsr2xZWQ8?rlkey=ryde6cqeex9obi3e9y3xrl64n&st=i0wh6cro&dl=0
89246523,572467174,ATX.D100-LF P2,85d6bd4d-ae77-4aa4-8b51-449c3b8b9a7c,live,API,Big Outdoor,Big Outdoor,Spectacular,Outdoor|Billboards|Spectacular,The Domain ATX,AUSTIN,78758,Travis County - TX,TX,"Austin, TX",USA,30.400470,-97.722800,"11410 Century Oaks Terrace, Austin, TX 78758",13.0000,USD,251364,1.883723022,71516,42658,1,15,15,true,true,false,true,940x750,940x750,940x750,,,30103,https://bigoutdoor.box.com/s/hd866n9fruer6mknv0pfz9c4syhxjxt6
137289733,LA-DG-505,LA-DG-505,7197add5-fbbf-4350-9f45-a7ae111446bf,live,API,Orange Barrel Media,Orange Barrel Media,Spectacular,Outdoor|Billboards|Spectacular,LA-DG-505,WEST HOLLYWOOD,90069,Los Angeles County - CA,CA,"Los Angeles, CA",USA,34.091473,-118.382294,West Hollywood / Sunset Spectacular / Sunset Blvd and Holloway Dr,150.0000,USD,3571768,10.33497685,203136,11753,1,15,15,true,true,false,false,1158x2220,1158x2220,1158x2220,"Bicycling,Bodybuilding,Boxing,Dining Out,Government,Illegal Content,Law,Politics,& Politics,Pornography",,30103,https://www.dropbox.com/scl/fi/xwag4f2b34y5klkur0ga8/LA-DG-505_Spec_Traditional.pdf?rlkey=ucvwcsb031q1e66w4cywy108k&dl=0
137289734,DAL-DG-503,DAL-DG-503,1a9f01d6-391e-40ea-81ad-66073631688c,live,API,Orange Barrel Media,Orange Barrel Media,Spectacular,Outdoor|Billboards|Spectacular,DAL-DG-503,IRVING,75039,Dallas County - TX,TX,"Dallas-Ft. Worth, TX",USA,32.875139,-96.943645,Las Colinas Blvd & Harmony Way,15.0000,USD,1495949,4.32855613,66579,8660,1,15,15,false,true,false,true,768x432,768x432,480x280,"Arts & Entertainment,Automotive,Auto Repair,Government,Illegal Content,Insurance,Law,Movies,Non-Standard Content,& Politics,Religion & Spirituality",,30103,https://www.dropbox.com/s/rqc31uvoo7pt4n4/DAL-DG-503_Specs.pdf?dl=0
137289735,DAL-DG-508,DAL-DG-508,3a43ba78-064b-49ec-9a25-2fda7ce1f128,live,API,Orange Barrel Media,Orange Barrel Media,Spectacular,Outdoor|Billboards|Spectacular,DAL-DG-508,IRVING,75039,Dallas County - TX,TX,"Dallas-Ft. Worth, TX",USA,32.876475,-96.943012,Las Colinas Blvd & Melody Way,18.0000,USD,1454499,4.20861979,85341,9029,1,15,15,false,true,false,true,520x300,520x300,520x300,"Arts & Entertainment,Automotive,Auto Repair,Government,Illegal Content,Insurance,Law,Movies,Non-Standard Content,& Politics,Religion & Spirituality",,30103,https://www.dropbox.com/scl/fi/9emo3uop0qz0ytk9ejodt/DAL-DG-505-506-507-508_Spec.pdf?rlkey=a2cxcrbgybl2m7jyjl2dqik24&dl=0
137289736,DAL-DG-505,DAL-DG-505,3d3a021a-0954-4ee0-b6f9-4bfd55f9c363,live,API,Orange Barrel Media,Orange Barrel Media,Spectacular,Outdoor|Billboards|Spectacular,DAL-DG-505,IRVING,75039,Dallas County - TX,TX,"Dallas-Ft. Worth, TX",USA,32.874274,-96.943791,Las Colinas Blvd & Encore Way,18.0000,USD,1449434,4.19396412,96925,8957,1,15,15,false,true,false,true,832x230,832x230,832x230,"Arts & Entertainment,Automotive,Auto Repair,Government,Illegal Content,Insurance,Law,Movies,Non-Standard Content,& Politics,Religion & Spirituality",,30103,https://www.dropbox.com/scl/fi/9emo3uop0qz0ytk9ejodt/DAL-DG-505-506-507-508_Spec.pdf?rlkey=a2cxcrbgybl2m7jyjl2dqik24&dl=0
137289737,DAL-DG-504,DAL-DG-504,0e3bfa22-0a36-405c-8db4-450f40f35919,live,API,Orange Barrel Media,Orange Barrel Media,Spectacular,Outdoor|Billboards|Spectacular,DAL-DG-504,IRVING,75039,Dallas County - TX,TX,"Dallas-Ft. Worth, TX",USA,32.875139,-96.943645,Las Colinas Blvd & Harmony Way,15.0000,USD,1485641,4.29872975,68711,9007,1,15,15,false,true,false,true,768x432,768x432,768x432,"Arts & Entertainment,Automotive,Auto Repair,Government,Illegal Content,Insurance,Law,Movies,Non-Standard Content,& Politics,Religion & Spirituality",,30103,https://www.dropbox.com/scl/fi/ds3bse9gbw68hdsj9vabn/DAL-DG-504_Spec.pdf?rlkey=8atdhk4cju9qkud8xd7j84nsu&dl=0
137289738,DAL-DG-500,DAL-DG-500,0276927e-50c8-4d5e-94f7-6efed6801c67,live,API,Orange Barrel Media,Orange Barrel Media,Spectacular,Outdoor|Billboards|Spectacular,DAL-DG-500,ARLINGTON,76011,Tarrant County - TX,TX,"Dallas-Ft. Worth, TX",USA,32.750560,-97.086340,Loews Garage,25.0000,USD,14342894,41.5014294,707007,90747,1,15,15,true,true,false,true,3984x1440,3984x1440,3984x1440,"Adventure Travel,Arts & Entertainment,Automotive,Auto Repair,Government,Hotels,Illegal Content,Insurance,Law,Movies,Non-Standard Content,& Politics,Religion & Spirituality",,30103,https://www.dropbox.com/s/p14avw29j0xf4b7/DAL-DG-500_Spec.pdf?dl=0
137289739,DAL-DG-502,DAL-DG-502,80f2dcfb-5bf8-4267-a66d-dbe577a19725,live,API,Orange Barrel Media,Orange Barrel Media,Spectacular,Outdoor|Billboards|Spectacular,DAL-DG-502,IRVING,75039,Dallas County - TX,TX,"Dallas-Ft. Worth, TX",USA,32.875064,-96.945964,Highway 114 & Music Factory Way,18.0000,USD,4919741,14.23536169,368711,50926,1,15,15,false,true,false,true,1824x608,1824x608,1824x608,"Arts & Entertainment,Automotive,Auto Repair,Government,Illegal Content,Insurance,Law,Movies,Non-Standard Content,& Politics,Religion & Spirituality",,30103,https://www.dropbox.com/s/irj5ydzvfen0xwd/DAL-DG-502_Specs.pdf?dl=0
137289742,COL-DG-500,COL-DG-500,95f9b24a-4f11-4a6c-99ca-9ca02cd32621,live,API,Orange Barrel Media,Orange Barrel Media - PerView Only,Spectacular,Outdoor|Billboards|Spectacular,COL-DG-500,COLUMBUS,43215,Franklin County - OH,OH,"Columbus, OH",USA,39.968600,-83.004300,Arena District / Nationwide Blvd across from Nationwide Arena,5.0000,USD,1102207,3.18922619,0,0,1,15,15,true,false,false,true,1280x720,1280x720,1280x720,,,30103,""
144890534,977931869,Midtown West Digital - 8th Avenue,6448f3f7-67fd-4ee1-b15a-c2a7da9de39e,on_demand,Broadsign HB,Branded Cities,Midtown West Digitals,Spectacular,Outdoor|Billboards|Spectacular,Midtown West Digital Network,NEW YORK,10036,New York County - NY,NY,"New York, NY",USA,40.757060,-73.989670,"11 Times Square, NY, NY 10036",8.0000,USD,89439520,1061.3,163384524,152945920,1,15,15,true,true,false,false,1928x558,1928x558,1928x558,,,30103,http://brandedcities.com/assets/ps_img/ny/NY_MWD1001_02.jpg
186860245,MIA-DG-500,MIA-DG-500,236481a1-5369-4920-99c8-9549b5580470,on_demand,API,Orange Barrel Media,Orange Barrel Media,Spectacular,Outdoor|Billboards|Spectacular,MIA-DG-500,MIAMI,33132,Miami-Dade County - FL,FL,"Miami-Ft. Lauderdale, FL",USA,25.786180,-80.186853,1103 Biscayne Blvd,25.0000,USD,14452246,41.81784144,1421841,586494,1,10,10,false,true,false,true,1104x1594,1104x1594,1104x1594,,,30103,""
186860246,BAL-DG-507,BAL-DG-507,72ca0baa-4d1a-4bb6-8f28-090b834ad91d,live,API,Orange Barrel Media,Orange Barrel Media,Spectacular,Outdoor|Billboards|Spectacular,BAL-DG-507,BALTIMORE,21202,Baltimore city - MD,MD,"Baltimore, MD",USA,39.288440,-76.606060,55 Market Pl,20.0000,USD,22549880,65.24849537,1031256,115128,1,15,15,true,true,false,true,1930x880,1930x880,1930x880,,,30103,https://www.dropbox.com/scl/fi/g319bhobp5sghoxzc037r/BAL-DG-507_Spec.pdf?rlkey=c3zthxdhzvxntkyqcpb7e0wzb&dl=0
186860247,BAL-DG-508,BAL-DG-508,45520e1e-1704-4c5c-bde1-4e1136c6d80d,live,API,Orange Barrel Media,Orange Barrel Media,Spectacular,Outdoor|Billboards|Spectacular,BAL-DG-508,BALTIMORE,21202,Baltimore city - MD,MD,"Baltimore, MD",USA,39.286620,-76.607561,601 E Pratt St,20.0000,USD,14076624,40.73097222,797514,82972,1,15,15,true,true,false,true,1008x1440,1008x1440,1008x1440,"Beauty,Sexuality,Wine",,30103,https://www.dropbox.com/scl/fi/0786dh424iintwh8z8ifi/BAL-DG-508_Spec.pdf?rlkey=osqtck6eoh0psi7kftkzrixus&dl=0
186860248,BAL-DG-502,BAL-DG-502,9d12446e-6064-4708-9eaf-0190072ca21d,live,API,Orange Barrel Media,Orange Barrel Media,Spectacular,Outdoor|Billboards|Spectacular,BAL-DG-502,BALTIMORE,21202,Baltimore city - MD,MD,"Baltimore, MD",USA,39.287610,-76.612290,E Lombard St & Calvert St,15.0000,USD,28457870,82.34337384,1392561,140691,1,15,15,true,true,false,true,2442x720,2442x720,2442x720,"Cocktails/Beer,Italian Cuisine,Sexuality,Wine",,30103,https://www.dropbox.com/scl/fi/6hml55bb6wwlommm7m76i/BAL-DG-502_Spec.pdf?rlkey=cgb685nsbb96kjt43kz9syfd7&dl=0
186860249,BAL-DG-505,BAL-DG-505,872da166-a1e2-4e64-b073-ab2311a5cca8,live,API,Orange Barrel Media,Orange Barrel Media,Spectacular,Outdoor|Billboards|Spectacular,BAL-DG-505,BALTIMORE,21202,Baltimore city - MD,MD,"Baltimore, MD",USA,39.288100,-76.614070,E Lombard St and Charles St,20.0000,USD,11765651,34.04412905,692160,73343,1,15,15,true,true,false,true,1738x864,1738x864,1738x864,"Cocktails/Beer,Sexuality,Wine",,30103,https://www.dropbox.com/scl/fi/v1qtk3sx6c61cijru0fx4/BAL-DG-505_Spec.pdf?rlkey=6phlxu281jljhwz0m9vp1jj6c&dl=0
186860250,BAL-DG-501,BAL-DG-501,941119c4-6b45-4823-a1b6-c53fefcd312d,live,API,Orange Barrel Media,Orange Barrel Media,Spectacular,Outdoor|Billboards|Spectacular,BAL-DG-501,BALTIMORE,21202,Baltimore city - MD,MD,"Baltimore, MD",USA,39.287600,-76.613390,Light St & E Lombard St,15.0000,USD,12046964,34.85811343,742223,75106,1,15,15,true,true,false,true,2442x720,2442x720,2442x720,"Cocktails/Beer,Italian Cuisine,Sexuality,Wine",,30103,https://www.dropbox.com/scl/fi/jdigmty1jowlv6zphag57/BAL-DG-501_Spec.pdf?rlkey=pq88lxle69949gis86hbi4187&dl=0
186860251,BAL-DG-506,BAL-DG-506,62ba8f71-5937-4d87-91a9-ca709c02d1c7,live,API,Orange Barrel Media,Orange Barrel Media,Spectacular,Outdoor|Billboards|Spectacular,BAL-DG-506,BALTIMORE,21201,Baltimore city - MD,MD,"Baltimore, MD",USA,39.284520,-76.615710,300 S Charles St,15.0000,USD,5922755,17.13760127,465386,50764,1,15,15,true,true,false,true,1610x608,1610x608,1610x608,"Cocktails/Beer,Sexuality",,30103,https://www.dropbox.com/scl/fi/fc38ws7v2rtk73wgq5o4i/BAL-DG-506_Spec.pdf?rlkey=sbzcp3carpgu934vpruicdhtz&dl=0
186860252,BAL-DG-504,BAL-DG-504,5a9275f2-a0f0-4452-9df1-0df3ebf7a215,live,API,Orange Barrel Media,Orange Barrel Media,Spectacular,Outdoor|Billboards|Spectacular,BAL-DG-504,BALTIMORE,21202,Baltimore city - MD,MD,"Baltimore, MD",USA,39.287560,-76.607600,124 Market Pl,20.0000,USD,10334669,29.90355613,573765,61269,1,15,15,true,true,false,true,1160x1520,1160x1520,1160x1520,"Cocktails/Beer,Sexuality,Wine",,30103,https://www.dropbox.com/scl/fi/7f1x9en4fi3xzi96ijoxb/BAL-DG-504_Spec.pdf?rlkey=o4a3xasb6bj8aepdnc5s5fw6n&dl=0
186860253,BAL-DG-503,BAL-DG-503,b88fbee5-642d-42c0-a630-dfbad07c6031,live,API,Orange Barrel Media,Orange Barrel Media,Spectacular,Outdoor|Billboards|Spectacular,BAL-DG-503,BALTIMORE,21201,Baltimore city - MD,MD,"Baltimore, MD",USA,39.287970,-76.615500,36 S Charles St,15.0000,USD,10720572,31.02017361,690565,68684,1,15,15,true,true,false,true,2442x672,2442x672,2442x672,"Cocktails/Beer,Sexuality,Wine",,30103,https://www.dropbox.com/scl/fi/s01zaldga3smhuis3azrd/BAL-DG-503_Spec.pdf?rlkey=eelo1evxhq4bomki8ttzwsy53&dl=0
186860256,3028A - LED (Arch),3028A - LED (Arch),87ee5eaa-1d0d-433f-ae06-d880f031fe24,live,API,New Tradition,New Tradition,,Outdoor|Billboards|Spectacular,Ovation Hollywood,LOS ANGELES,90028,Los Angeles County - CA,CA,"Los Angeles, CA",USA,34.102519,-118.339364,"6801 Hollywood Blvd, Hollywood, CA 90028",8.0000,USD,110336,95.5,44355615,14574776,1,15,15,true,true,false,true,1560x900,1560x900,1560x900,"Government,Law,News,Non-Standard Content,& Politics,Real Estate,Religion & Spirituality,Travel,U.S. Military",,30103,https://www.dropbox.com/scl/fo/xej3l9ua9px3tls3i4f9h/AF6cSfgfE6B0QJVsr2xZWQ8?rlkey=ryde6cqeex9obi3e9y3xrl64n&st=i0wh6cro&dl=0
193622668,CPC100,CPC100,d2dc7490-3bcb-4488-93d6-d85ab017632a,live,VAST,Liquid Outdoor,Digital Kiosk,Billboard,Outdoor|Billboards|Spectacular,CPC100,WESTLAKE,44145,Cuyahoga County - OH,OH,"Cleveland-Akron (Canton), OH",USA,41.459761,-81.952319,"177 Market St, Westlake, OH 44145",5.5000,USD,89366,3.324761905,432630,180594,1,15,15,true,true,false,true,320x312,320x312,"1280x1248,1600x1560,1920x1872,2560x2496,3200x3120,320x312,640x624,960x936",,,30103,https://static.wixstatic.com/media/c04e6a_e3a8b61ea16c4892a11896378c8a0e68~mv2.jpg
194863525,1049 - LED,1049,2161734b-efda-4f98-8c44-720cbe3b431d,live,API,New Tradition,New Tradition,,Outdoor|Billboards|Spectacular,1049 - Ameritania,NEW YORK,10019,New York County - NY,NY,"New York, NY",USA,40.764057,-73.982684,"230 W 54th St, New York, NY 10019",10.0000,USD,7480332,309.21,266284948,54957206,1,10,10,true,true,false,true,960x2880,960x2880,960x2880,,,30103,https://www.dropbox.com/scl/fo/v9rzs8fnxt46nrpostgb0/AEDzOOHc1XLvljWEwQLH9Mo?rlkey=v76uaw42w1jxminsi8z9e6jx2&st=fu7lhig9&dl=0
199217971,1083ecc5-a3c6-42c3-829a-f2b7f5b0446d,WLV_ELV8,4fb3584c-3507-42eb-8b5c-03583ea89218,on_demand,Broadsign,Pearl Media,PM-LV - Pearl Media Network,Billboard,Outdoor|Billboards|Spectacular,"",LAS VEGAS,89158,Clark County - NV,NV,"Las Vegas, NV",USA,36.106433,-115.173732,"",10.0000,USD,3930928,1,6741351,88916,1,15,15,true,true,false,false,5210x1120,5210x1120,,,,30103,""
200460877,broadsign.com:380970930,5024,28cf09a3-4a56-41e5-81ec-1afa5c550aa3,live,Broadsign HB,Bulletin Displays,Bulletin Displays,Billboard,Outdoor|Billboards|Spectacular,"",BUENA PARK,90621,Orange County - CA,CA,"Los Angeles, CA",USA,33.868126,-118.002825,"",3.5000,USD,11250752,37.20486772,6961558,2924412,1,8,8,false,true,false,false,752x384,1920x1080,"1366x768,1504x768,1920x1080,300x250,752x384,840x400",,,30103,""
200460884,broadsign.com:850726538,5025,e46e79ba-3116-4be3-b7a9-f2812dedff86,live,Broadsign HB,Bulletin Displays,Bulletin Displays,Billboard,Outdoor|Billboards|Spectacular,"",BUENA PARK,90621,Orange County - CA,CA,"Los Angeles, CA",USA,33.868126,-118.002855,"",3.5000,USD,9984224,33.01661376,6210429,2491848,1,8,8,false,true,false,false,752x384,1920x1080,"1366x768,1504x768,1920x1080,300x250,752x384,840x400",,,30103,""
209052050,EAS-DG-503,EAS-DG-503,7dd6cfc6-fea3-4fbf-bbbe-555dca9246f5,live,API,Orange Barrel Media,Orange Barrel Media - PerView Only,Spectacular,Outdoor|Billboards|Spectacular,EAS-DG-503,COLUMBUS,43219,Franklin County - OH,OH,"Columbus, OH",USA,40.057100,-82.908500,"Easton Town Center, Columbus / Morse Road, just west of I-270",5.0000,USD,,,0,0,2,15,15,true,false,false,true,352x176,352x176,352x176,,,30103,""
209052051,EAS-DG-504,EAS-DG-504,85db6fb4-a484-444d-9185-ab23434e0c4e,live,API,Orange Barrel Media,Orange Barrel Media - PerView Only,Spectacular,Outdoor|Billboards|Spectacular,EAS-DG-504,COLUMBUS,43219,Franklin County - OH,OH,"Columbus, OH",USA,40.056000,-82.910000,"Easton Town Center, Columbus / Stelzer Road and Worth Avenue",5.0000,USD,,,0,0,2,15,15,true,false,false,true,352x176,352x176,352x176,,,30103,""
252363179,591523219,The Moxy,2ebf07c0-7200-49d8-a5cc-4f0dfb79a517,on_demand,Broadsign,Branded Cities,The Moxy,Spectacular,Outdoor|Billboards|Spectacular,The Moxy,LOS ANGELES,90015,Los Angeles County - CA,CA,"Los Angeles, CA",USA,34.040689,-118.267677,Figueroa Street and Pico Blvd,50.0000,USD,39122520,442.7,1669839,1669839,1,15,15,true,true,false,true,11480x1890,11480x1890,11480x1890,,,30103,https://creative-uploads.s3.us-east-1.amazonaws.com/BC%20Images%20-%20USA/240619_AustraliaTourism_moxy_Bsm.jpg
254585820,LVG069692,LVG069692,d170ff4f-0d6b-4bcd-93fe-bd7dc9f6fd97,live,API,ClearChannelOutdoor,ClearChannelOutdoor Times Square,Spectacular,Outdoor|Billboards|Spectacular,LVG069692,LAS VEGAS,89109,Clark County - NV,NV,"Las Vegas, NV",USA,36.114678,-115.165529,"",18.0000,USD,,40.45826429,0,0,1,15,15,true,true,false,true,512x1424,512x1424,,"Government,Hotels,Law,& Politics,Pornography,Religion & Spirituality",,30103,""
273192355,1801 - Austin The Domain,1801 - The Domain,f2fb797e-27dc-4df6-b4cd-14ec41b09ae8,live,API,New Tradition,New Tradition,,Outdoor|Billboards|Spectacular,The Domain – Domain Dr & Palm Way,AUSTIN,78758,Travis County - TX,TX,"Austin, TX",USA,30.403201,-97.724056,The Domain – Domain Dr & Palm Way,5.0000,USD,1019840,42,15306984,2090536,2,10,10,true,true,false,true,1680x1080,1680x1080,1680x1080,,,30103,https://www.dropbox.com/scl/fo/ks4csiocxdb0xgxrei4mi/AKj2U8ibOC7L5o7mRs9D_BE?rlkey=8boskssp3xacx8l8pj7u02euw&dl=0
276290158,LA-DG-555,LA-DG-555,388bfdd6-2248-46a1-96fe-4c16dfdc8fea,live,API,Orange Barrel Media,Orange Barrel Media,Spectacular,Outdoor|Billboards|Spectacular,LA-DG-555,WEST HOLLYWOOD,90069,Los Angeles County - CA,CA,"Los Angeles, CA",USA,34.091473,-118.382294,West Hollywood / Sunset Spectacular / Sunset Blvd. and Holloway Dr.,100.0000,USD,3885206,11.24191551,308199,17586,1,15,15,true,true,false,false,1036x1426,1036x1426,1036x1426,"Bicycling,Bodybuilding,Boxing,Dining Out,Government,Illegal Content,Law,Politics,& Politics,Pornography",,30103,https://www.dropbox.com/scl/fi/xwag4f2b34y5klkur0ga8/LA-DG-505_Spec_Traditional.pdf?rlkey=ucvwcsb031q1e66w4cywy108k&dl=0
303990062,LA-DG-508,LA-DG-508,42eb7d34-9025-4418-b9e7-03d49be00972,on_demand,API,Orange Barrel Media,Orange Barrel Media,Spectacular,Outdoor|Billboards|Spectacular,LA-DG-508,WEST HOLLYWOOD,90069,Los Angeles County - CA,CA,"Los Angeles, CA",USA,34.094612,-118.376416,Sunset Blvd & Miller Dr,,USD,3158564,13.05625,0,0,1,15,15,true,false,false,false,1650x480,1650x480,1650x480,"Bicycling,Bodybuilding,Boxing,Dining Out,Government,Illegal Content,Law,Politics,& Politics,Pornography",,30103,""
303990177,DAL-DG-512,DAL-DG-512,49307b65-cb68-4cc7-9f43-448aca7fe374,live,API,Orange Barrel Media,Orange Barrel Media,Spectacular,Outdoor|Billboards|Spectacular,DAL-DG-512,ARLINGTON,76011,Tarrant County - TX,TX,"Dallas-Ft. Worth, TX",USA,32.752750,-97.088530,AT&T Way & Pennant Dr,,USD,1421783,4.11395544,0,0,1,15,15,true,false,false,false,1130x420,1130x420,1130x420,"Adventure Travel,Arts & Entertainment,Automotive,Auto Repair,Government,Hotels,Illegal Content,Insurance,Law,Movies,Non-Standard Content,& Politics,Religion & Spirituality",,30103,""
303990414,DAL-DG-509,DAL-DG-509,57c42f17-ee82-4542-834f-fd9b6153dd26,live,API,Orange Barrel Media,Orange Barrel Media,Spectacular,Outdoor|Billboards|Spectacular,DAL-DG-509,ARLINGTON,76011,Tarrant County - TX,TX,"Dallas-Ft. Worth, TX",USA,32.752560,-97.083960,Nolan Ryan Expressway & Road to Six Flags,,USD,1644276,4.75774306,0,0,1,15,15,true,false,false,false,1130x420,1130x420,1130x420,"Adventure Travel,Arts & Entertainment,Automotive,Auto Repair,Government,Hotels,Illegal Content,Insurance,Law,Movies,Non-Standard Content,& Politics,Religion & Spirituality",,30103,""
303992872,DAL-DG-511,DAL-DG-511,eab05c05-d22a-4825-a5f4-6b370690e07c,live,API,Orange Barrel Media,Orange Barrel Media,Spectacular,Outdoor|Billboards|Spectacular,DAL-DG-511,ARLINGTON,76011,Tarrant County - TX,TX,"Dallas-Ft. Worth, TX",USA,32.752750,-97.088530,AT&T Way & Pennant Dr,,USD,1544273,4.46838252,0,0,1,15,15,true,false,false,false,1130x420,1130x420,1130x420,"Adventure Travel,Arts & Entertainment,Automotive,Auto Repair,Government,Hotels,Illegal Content,Insurance,Law,Movies,Non-Standard Content,& Politics,Religion & Spirituality",,30103,""
303993082,DAL-DG-510,DAL-DG-510,f73a1a0c-018f-4fb0-adf1-a1ec591a5d18,live,API,Orange Barrel Media,Orange Barrel Media,Spectacular,Outdoor|Billboards|Spectacular,DAL-DG-510,ARLINGTON,76011,Tarrant County - TX,TX,"Dallas-Ft. Worth, TX",USA,32.752560,-97.083960,Nolan Ryan Expressway & Road to Six Flags,,USD,1424730,4.12248264,0,0,1,15,15,true,false,false,false,1130x420,1130x420,1130x420,"Adventure Travel,Arts & Entertainment,Automotive,Auto Repair,Government,Hotels,Illegal Content,Insurance,Law,Movies,Non-Standard Content,& Politics,Religion & Spirituality",,30103,""
319782949,1079149450,LA.D113 LED01 - SMP,096aba31-3d60-4551-8566-020b12fc61a7,live,API,Big Outdoor,Big Outdoor,Spectacular,Outdoor|Billboards|Spectacular,Santa Monic Place,SANTA MONICA,90401,Los Angeles County - CA,CA,"Los Angeles, CA",USA,34.014180,-118.493590,"395 Santa Monica Place, Santa Monic, CA 90401",13.0000,USD,1000103,288,5911057,2514389,1,15,15,true,true,false,true,1920x1080,1920x1080,1920x1080,,,30103,https://bigoutdoor.box.com/s/frg9n5bjxwz06mu5lgdui9qzmjc9xddx
319783318,1079149712,LA.D113 Balcony-D2 - SMP,3b475d94-c219-4eef-8b12-7be92dfc6e93,live,API,Big Outdoor,Big Outdoor,Spectacular,Outdoor|Billboards|Spectacular,Santa Monic Place,SANTA MONICA,90401,Los Angeles County - CA,CA,"Los Angeles, CA",USA,34.014180,-118.493590,"395 Santa Monica Place, Santa Monic, CA 90401",13.0000,USD,155623,1.543878968,916660,78469,1,15,15,true,true,false,true,1920x1080,1920x1080,1920x1080,,,30103,https://bigoutdoor.box.com/s/e53qdcrq2qk5wamgd7tc1usnlzi7df3r
319784244,1079149768,LA.D113 Balcony-D3 - SMP,b515dbd9-cd60-495a-bb1d-5f7286bad84e,live,API,Big Outdoor,Big Outdoor,Spectacular,Outdoor|Billboards|Spectacular,Santa Monic Place,SANTA MONICA,90401,Los Angeles County - CA,CA,"Los Angeles, CA",USA,34.014180,-118.493590,"395 Santa Monica Place, Santa Monic, CA 90401",13.0000,USD,14483764,89.80508475,2129836,807314,1,15,15,true,true,false,true,1920x1080,1920x1080,1920x1080,,,30103,https://bigoutdoor.box.com/s/mg9c0qhx5yl78adm4k9hlpfacv0jjzlg
330871649,1080206261,Denver TD - 1040,1917251a-b4f4-40ad-a000-6ab2f5451791,live,API,Branded Cities,Branded Cities,Spectacular,Outdoor|Billboards|Spectacular,Denver TD - 1040,DENVER,80202,Denver County - CO,CO,"Denver, CO",USA,39.745374,-104.994640,15th street and champa,20.0000,USD,15291240,64.67,459747,459555,1,15,15,true,true,false,true,750x420,750x420,,,,30103,""
344479703,LA-DG-503,LA-DG-513,08ecb8cf-d24d-40ce-a916-5d73a4a6ca30,live,API,Orange Barrel Media,Orange Barrel Media - PerView Only,Spectacular,Outdoor|Billboards|Spectacular,LA-DG-513,LOS ANGELES,90028,Los Angeles County - CA,CA,"Los Angeles, CA",USA,34.101690,-118.341131,Hollywood Chinese Theater / Marquee,5.0000,USD,11966721,34.62577381,0,0,1,15,15,true,false,false,true,1080x1920,1080x1920,1080x1920,"Bicycling,Bodybuilding,Boxing,Dining Out,Government,Illegal Content,Law,Politics,& Politics,Pornography",,30103,""
344500151,LA-DG-500,LA-DG-513,4041c576-41d8-4ca5-9d09-0cd74356da75,live,API,Orange Barrel Media,Orange Barrel Media - PerView Only,Spectacular,Outdoor|Billboards|Spectacular,LA-DG-513,LOS ANGELES,90028,Los Angeles County - CA,CA,"Los Angeles, CA",USA,34.101711,-118.340622,Hollywood Chinese Theater / Box Office,5.0000,USD,12803253,37.04684524,0,0,1,15,15,true,false,false,true,1080x1920,1080x1920,1080x1920,"Bicycling,Bodybuilding,Boxing,Dining Out,Government,Illegal Content,Law,Politics,& Politics,Pornography",,30103,""
344530432,LA-DG-502,LA-DG-513,62b4383d-8515-4227-b868-55a2df009cdc,live,API,Orange Barrel Media,Orange Barrel Media - PerView Only,Spectacular,Outdoor|Billboards|Spectacular,LA-DG-513,LOS ANGELES,90028,Los Angeles County - CA,CA,"Los Angeles, CA",USA,34.101690,-118.341131,Hollywood Chinese Theater / Marquee,5.0000,USD,13154825,38.06357143,0,0,1,15,15,true,false,false,true,1080x1920,1080x1920,1080x1920,"Bicycling,Bodybuilding,Boxing,Dining Out,Government,Illegal Content,Law,Politics,& Politics,Pornography",,30103,""
344540616,LA-DG-507,LA-DG-507,7851e4ad-f218-408d-a92f-bae01911a1ec,live,API,Orange Barrel Media,Orange Barrel Media - PerView Only,Spectacular,Outdoor|Billboards|Spectacular,LA-DG-507,WEST HOLLYWOOD,90069,Los Angeles County - CA,CA,"Los Angeles, CA",USA,34.090798,-118.392006,"House on Sunset, Los Angeles / Digital",5.0000,USD,3875290,11.21327381,0,0,1,15,15,true,false,false,true,1920x1080,1920x1080,1920x1080,"Bicycling,Bodybuilding,Boxing,Dining Out,Government,Illegal Content,Law,Politics,& Politics,Pornography",,30103,""
344561570,LA-DG-501,LA-DG-513,e772774b-e330-4566-9c6f-42d807cae27a,live,API,Orange Barrel Media,Orange Barrel Media - PerView Only,Spectacular,Outdoor|Billboards|Spectacular,LA-DG-513,LOS ANGELES,90028,Los Angeles County - CA,CA,"Los Angeles, CA",USA,34.101711,-118.340622,Hollywood Chinese Theater / Box Office,5.0000,USD,8748455,25.31369048,0,0,1,15,15,true,false,false,true,1080x1920,1080x1920,1080x1920,"Bicycling,Bodybuilding,Boxing,Dining Out,Government,Illegal Content,Law,Politics,& Politics,Pornography",,30103,""
349357541,979703217,SD.D100 -A - Gaslamp,291a57d4-f72d-47ff-8d30-603267c50f2f,live,API,Big Outdoor,Big Outdoor,Spectacular,Outdoor|Billboards|Spectacular,Gaslamp,SAN DIEGO,92101,San Diego County - CA,CA,"San Diego, CA",USA,32.707200,-117.160000,"537 L St, San Diego, CA 92101",17.0000,USD,786156,168,0,0,1,15,15,true,true,false,true,1500x1020,1500x1020,1500x1020,,,30103,https://bigoutdoor.box.com/s/oqn0v08mh9b9omf4w8b7hkil5pzdd3w8
349357771,979703730,SD.D100 -B - Gaslamp,64e50c29-0113-4a0a-bc5e-19a4ebf9fd6e,live,API,Big Outdoor,Big Outdoor,Spectacular,Outdoor|Billboards|Spectacular,Gaslamp,SAN DIEGO,92101,San Diego County - CA,CA,"San Diego, CA",USA,32.707200,-117.160000,"537 L St, San Diego, CA 92101",17.0000,USD,786156,170,0,0,1,15,15,true,true,false,true,1500x1020,1500x1020,1500x1020,,,30103,https://bigoutdoor.box.com/s/oqn0v08mh9b9omf4w8b7hkil5pzdd3w8
366727573,940365874,The Wilshire West,0b885dd5-5f69-445f-8191-d22059b20d59,on_demand,API,Branded Cities,The Wilshire West,Spectacular,Outdoor|Billboards|Spectacular,The Wilshire West,LOS ANGELES,90010,Los Angeles County - CA,CA,"Los Angeles, CA",USA,34.061960,-118.308707,Wilshire Blvd and S Western Ave,20.0000,USD,2443140,81.64,10871782,10870343,1,8,8,false,true,false,true,1216x600,1216x600,,,,30103,https://www.brandedcities.com/wp-assets/specsheets/la/la_wilshire_spec.pdf
366729230,1005328558,The Wilshire East,f3e116d4-72da-4d0a-9171-d50b122442b7,on_demand,API,Branded Cities,The Wilshire East,Spectacular,Outdoor|Billboards|Spectacular,The Wilshire East,LOS ANGELES,90010,Los Angeles County - CA,CA,"Los Angeles, CA",USA,34.061940,-118.301780,Wilshire Blvd and S Ardmore Ave,20.0000,USD,2788332,108.19,19625128,19621456,1,8,8,false,true,false,true,2688x1260,2688x1260,,,,30103,https://www.brandedcities.com/wp-assets/photosheets/la/la_wilshirewest_ps.pdf
377730953,70789-3C5C8-02183-397CD-84D13-A0761-B0D2B,1101,29990dd8-c2cc-40b4-9fa3-6cc53dac5c37,live,API,New Tradition,New Tradition,,Outdoor|Billboards|Spectacular,1101,ATLANTA,30303,Fulton County - GA,GA,"Atlanta, GA",USA,33.758174,-84.392906,150 Walton St NW,10.0000,USD,4314044,107,85724550,12501513,1,10,10,false,true,false,true,2160x648,2160x648,,"Adult Education,AIDS/HIV,Alternative Medicine,Body Art,Cigars,Government,Illegal Content,Law,News,Non-Standard Content,& Politics,Religion & Spirituality,Roleplaying Games,Spas,U.S. Military",,30103,https://www.dropbox.com/scl/fo/5ru8agvjjyor5zbl5tjiq/AK95l_IceVr8LRmomn17Nr4?rlkey=1pb5q34pq1f73j09x4jgcjf4d&st=c31x5zxe&dl=0
388577197,ad1-pa-100017,"",786432b4-b64e-4bda-ae81-90e1eed2b019,live,API,Intersection Cities and Transit,Macerich - Billboards,Display Panel,Outdoor|Billboards|Spectacular,Macerich-11thSt&Market-NW-VW (ad1-pa-100017),PHILADELPHIA,19107,Philadelphia County - PA,PA,"Philadelphia, PA",USA,39.952135,-75.155868,"901 Market St, Philadelphia, PA 19107",21.0000,USD,6417600,39.79166667,10411160,10411160,1,15,15,false,true,false,true,1824x972,1824x972,,,,30103,""
388579274,ad1-pa-100016,"",db64ffde-82e2-4834-aacb-29f3edeafa3d,live,API,Intersection Cities and Transit,Macerich - Billboards,Display Panel,Outdoor|Billboards|Spectacular,Macerich-10thSt&Market-NE-VW (ad1-pa-100016),PHILADELPHIA,19107,Philadelphia County - PA,PA,"Philadelphia, PA",USA,39.952136,-75.155869,"901 Market St, Philadelphia, PA 19107",21.0000,USD,8616600,53.42633929,14062303,14062303,1,15,15,false,true,false,true,1824x972,1824x972,,,,30103,""
388579281,ad1-pa-100019,"",dbbd5bbc-a998-4253-80c7-939dce60397b,live,API,Intersection Cities and Transit,Macerich - Billboards,Display Panel,Outdoor|Billboards|Spectacular,Macerich-9thSt&Market-SE-VW (ad2-pa-100019,PHILADELPHIA,19107,Philadelphia County - PA,PA,"Philadelphia, PA",USA,39.952136,-75.155869,"901 Market St, Philadelphia, PA 19107",21.0000,USD,5046720,31.29166667,8189988,8189988,1,15,15,false,true,false,true,1824x972,1824x972,,,,30103,""
388579770,ad1-pa-100018,"",f2a85684-2eb1-4c50-b68f-fb8aed5926e9,live,API,Intersection Cities and Transit,Macerich - Billboards,Display Panel,Outdoor|Billboards|Spectacular,Macerich-9thSt&Market-NE-VW (ad1-pa-100018),PHILADELPHIA,19107,Philadelphia County - PA,PA,"Philadelphia, PA",USA,39.952136,-75.155869,"901 Market St, Philadelphia, PA 19107",21.0000,USD,10555810,65.45021081,17290472,17290472,1,15,15,false,true,false,true,1824x972,1824x972,,,,30103,""
397010726,D5C9C-74C9A-82A06-745AC-B0875-8FDE5-90F66,4009-B,77a9485e-47c6-46a6-8c96-7a26b82e7d87,live,API,New Tradition,New Tradition,,Outdoor|Billboards|Spectacular,4009-B,LAS VEGAS,89109,Clark County - NV,NV,"Las Vegas, NV",USA,36.105240,-115.172616,"",10.0000,USD,3269836,135,77648490,31136068,1,15,15,true,true,false,true,1728x2624,1728x2624,2624x1728,,,30103,https://www.dropbox.com/scl/fo/l6o6w4mdmsdh1t4vqj73o/ANy6oXsbMPfHfbxt58WGV-Q?rlkey=rw1qs7co7dgr3qq2iht43nw3b&st=gnbll1t6&dl=0
406345845,NYC000962,NYC000962,4868dcce-6a1f-47c5-905c-e3dbb1552561,live,API,ClearChannelOutdoor,ClearChannelOutdoor Times Square,Spectacular,Outdoor|Billboards|Spectacular,NYC000962,NEW YORK,10036,New York County - NY,NY,"New York, NY",USA,40.756819,-73.985875,"",18.0000,USD,,832.7300458,159353861,159353861,1,15,15,true,true,false,true,1648x1184,1648x1184,,"Commentary,Illegal Content",,30103,""
408044380,4E607-5E9C5-5B1A5-DF710-D746B-5993E-9BA33,4009-A,dfe99047-978a-4a94-acea-5230d0a32ffb,live,API,New Tradition,New Tradition,,Outdoor|Billboards|Spectacular,4009-A,LAS VEGAS,89109,Clark County - NV,NV,"Las Vegas, NV",USA,36.105240,-115.172616,"",10.0000,USD,3269836,135,69035490,25254758,1,15,15,true,true,false,true,1728x2624,1728x2624,2624x1728,,,30103,https://www.dropbox.com/scl/fo/l6o6w4mdmsdh1t4vqj73o/ANy6oXsbMPfHfbxt58WGV-Q?rlkey=rw1qs7co7dgr3qq2iht43nw3b&st=gnbll1t6&dl=0
414019923,1118042228,LA.D121 - Runway,02368f61-2515-4867-adda-b2451840a305,live,API,Big Outdoor,Big Outdoor,Spectacular,Outdoor|Billboards|Spectacular,Runway Playa Vista,PLAYA VISTA,90094,Los Angeles County - CA,CA,"Los Angeles, CA",USA,33.976760,-118.417390,"12775 W Millennium, Playa Vista, CA 90094",13.0000,USD,582996,2.381845238,29698,5188,1,15,15,true,true,false,true,780x480,1920x1080,"1920x1080,780x480",,,30103,https://bigoutdoor.box.com/s/i611fo8awjol7g20sysngt9kamgo4uqq
426140221,1180322213,LA.D500 A East,5c7eb9ad-05c4-4705-bcfc-1a8653b80273,live,API,Big Outdoor,Big Outdoor,Spectacular,Outdoor|Billboards|Spectacular,SunCienega,WEST HOLLYWOOD,90069,Los Angeles County - CA,CA,"Los Angeles, CA",USA,34.094230,-118.377000,"8501 W Sunset Blvd, West Hollywood, CA 90069",17.0000,USD,1404412,87,0,0,1,15,15,true,true,false,true,1126x1260,1126x1260,1126x1260,,,30103,https://bigoutdoor.box.com/s/6txiqqf3ymyrcjij5j9xseu001zwuff3
426151251,1180322401,LA.D500 B West,dd5a9674-afb6-42ab-a106-c98a58150f22,live,API,Big Outdoor,Big Outdoor,Spectacular,Outdoor|Billboards|Spectacular,SunCienega,WEST HOLLYWOOD,90069,Los Angeles County - CA,CA,"Los Angeles, CA",USA,34.094230,-118.377000,"8501 W Sunset Blvd, West Hollywood, CA 90069",17.0000,USD,1404412,87,0,0,1,15,15,true,true,false,true,1350x1036,1350x1036,1350x1036,,,30103,https://bigoutdoor.box.com/s/6txiqqf3ymyrcjij5j9xseu001zwuff3
469509801,HOU-DG-501,HOU-DG-501,1290336a-df9a-4578-a49c-3d90be32b28a,live,API,Orange Barrel Media,Orange Barrel Media,Spectacular,Outdoor|Billboards|Spectacular,HOU-DG-501,HOUSTON,77002,Harris County - TX,TX,"Houston, TX",USA,29.766424,-95.364053,"",25.0000,USD,7746214,22.41381366,405766,93591,1,15,15,true,true,false,true,1920x768,1920x768,1920x768,,,30103,""
469510095,DEN-DG-515,DEN-DG-515,4e473995-8436-4be8-a52a-04fe0d4eb45a,live,API,Orange Barrel Media,Orange Barrel Media,Spectacular,Outdoor|Billboards|Spectacular,DEN-DG-515,DENVER,80202,Denver County - CO,CO,"Denver, CO",USA,39.746194,-104.996306,"",25.0000,USD,11453863,33.1419647,860855,71578,1,15,15,true,true,false,true,1905x440,1905x440,1905x440,"Bed & Breakfasts,Government,Hotels,Law,Non-Standard Content,& Politics,Profane Content,Religion & Spirituality,Sexuality",,30103,""
469510816,DEN-DG-516,DEN-DG-516,eb6b82b9-e9d4-4317-8886-a48c428b0f48,live,API,Orange Barrel Media,Orange Barrel Media,Spectacular,Outdoor|Billboards|Spectacular,DEN-DG-516,DENVER,80202,Denver County - CO,CO,"Denver, CO",USA,39.746733,-104.996803,"",25.0000,USD,14368773,41.57631076,972815,85316,1,15,15,true,true,false,true,1905x440,1905x440,1905x440,"Bed & Breakfasts,Government,Hotels,Law,Non-Standard Content,& Politics,Profane Content,Religion & Spirituality,Sexuality",,30103,""
485325877,3302,3302,223735a2-4218-45b7-ba6c-cec841733f10,live,API,New Tradition,New Tradition - The Grove,,Outdoor|Billboards|Spectacular,3302,LOS ANGELES,90036,Los Angeles County - CA,CA,"Los Angeles, CA",USA,34.071959,-118.357772,"189 The Grove Dr, Los Angeles, CA 90036",15.0000,USD,7956870,493.5,528750013,6903500,1,15,15,true,true,false,true,7424x320,7424x320,,,,30103,https://www.dropbox.com/scl/fo/i24zm1cswgu7lah1ty95s/ADnLuMKKD7_ildgLinV8kDk?rlkey=0yjfd0pkdkk0x9bx8tweafxi3&st=vbpcsqr6&dl=0
485325942,3401,3401,47b9e916-f1d1-493f-876e-409774bae31b,live,API,New Tradition,New Tradition - Americana at Brand,,Outdoor|Billboards|Spectacular,3401,GLENDALE,91210,Los Angeles County - CA,CA,"Los Angeles, CA",USA,34.144451,-118.257246,"889 Americana Way, Glendale, CA 91210",15.0000,USD,1578480,97.5,37961565,2396396,1,15,15,true,true,false,true,1296x972,1296x972,,,,30103,https://www.dropbox.com/scl/fo/f76v0kovi5a91y2cllftg/AAlyyM_YGaqMUyRlnAeVOmQ?rlkey=lqx832ht946unel2392a9n1v5&st=ovadw8il&dl=0
485326216,3402,3402,d6f12c13-656d-4656-882d-31b2ef4744b5,live,API,New Tradition,New Tradition - Americana at Brand,,Outdoor|Billboards|Spectacular,3402,GLENDALE,91210,Los Angeles County - CA,CA,"Los Angeles, CA",USA,34.143526,-118.257154,"889 Americana Way, Glendale, CA 91210",15.0000,USD,358063,22.5,15790243,4799864,1,15,15,true,true,false,true,6016x320,6016x320,,,,30103,https://www.dropbox.com/scl/fo/wbwc05lazdbhr7q3fxled/ALajQOIbCwlAAE3rj7dyJX4?rlkey=1fy5q0evpls4hcdjc7wi41sh2&st=d379su09&dl=0
485326218,3301,3301,d8165c86-5120-4c97-9943-43264f6beec7,live,API,New Tradition,New Tradition - The Grove,,Outdoor|Billboards|Spectacular,3301,LOS ANGELES,90036,Los Angeles County - CA,CA,"Los Angeles, CA",USA,34.072380,-118.357504,"189 The Grove Dr, Los Angeles, CA 90036",15.0000,USD,3373100,209.5,8116975,208633,1,15,15,true,true,false,true,1520x2010,1520x2010,,,,30103,https://www.dropbox.com/scl/fo/t9mshydgk3sq014abt2h6/ANRLJDGetBNmf3Rs1qMdeJ0?rlkey=ed5dnku33sf0fnk0q2elqnxle&st=k4zq7w1y&dl=0
487186308,LVG069762,LVG069762,c3c11ea3-b47c-4644-b9e4-f10cf3b37b92,live,API,ClearChannelOutdoor,ClearChannelOutdoor Times Square,Spectacular,Outdoor|Billboards|Spectacular,LVG069762,LAS VEGAS,89118,Clark County - NV,NV,"Las Vegas, NV",USA,36.086819,-115.186122,"",18.0000,USD,,166.0840542,0,0,1,12,12,true,true,false,true,3174x2368,3174x2368,,"Coffee/Tea,Government,Law,& Politics,Pornography,Religion & Spirituality",,30103,""
504225257,2PCH-1000,2PCH-1000,13e69948-c85a-40a5-8174-2270e7459ed4,live,VAST,Liquid Outdoor,Large Format,Billboard,Outdoor|Billboards|Spectacular,2nd & PCH,LONG BEACH,90803,Los Angeles County - CA,CA,"Los Angeles, CA",USA,33.756136,-118.110740,"6480 Pacific Coast Hwy, Long Beach, CA 90803",5.5000,USD,533820,19.857,6580280,59558,1,5,30,true,true,false,true,720x1020,720x1020,"1440x2040,2160x3060,2880x4080,360x510,720x1020",,,30103,https://static.wixstatic.com/media/67df4b_2f2bc395c44643afaff4bdc0af1ff6cb~mv2.jpg
504227586,2PCH-1001,2PCH-1001,abbba074-a0da-40f0-b4df-435669746679,live,VAST,Liquid Outdoor,Large Format,Billboard,Outdoor|Billboards|Spectacular,2nd & PCH,LONG BEACH,90803,Los Angeles County - CA,CA,"Los Angeles, CA",USA,33.755628,-118.109930,"6480 Pacific Coast Hwy, Long Beach, CA 90803",5.5000,USD,716280,26.647,8794885,80634,1,5,30,true,true,false,true,1080x324,1080x324,"1000x300,1080x324,2000x600,3000x900,500x150",,,30103,https://static.wixstatic.com/media/67df4b_7011fa547a974744a4d50baab46be6b2~mv2.jpg
508767005,WHST-D-172S,WHST-D-172S,a152f87e-8df0-4ee3-8e06-9917b37af62a,live,API,Screenverse + Apparatix Billboards,Whistler Media Group,Billboard,Outdoor|Billboards|Spectacular,"75 Highway W/S, 0.23 mi S/O 20 Highway, S/F",SKIATOOK,74070,Tulsa County - OK,OK,"Tulsa, OK",USA,36.362206,-95.921306,"75 Highway W/S, 0.23 mi S/O 20 Highway, S/F",6.5000,USD,85680,2.27,295474,16964,1,8,8,false,true,false,false,600x380,600x380,600x380,,,30103,https://europa.apx.me/face/photo/apx/web/whistler/D-172S/approach%20photo/ZmMzk0Yg.webp
525158315,broadsign.com:1190428420,Sahara Spectacular,62ea3dc9-be6c-418f-acb2-24edea5c444b,live,Broadsign,Harkey Media,Harkey Media,Spectacular,Outdoor|Billboards|Spectacular,LV-002,LAS VEGAS,89104,Clark County - NV,NV,"Las Vegas, NV",USA,36.143739,-115.157234,"",20.0000,USD,10332252,427.09375,4105131,280966,1,10,10,true,true,false,false,9212x1520,9212x1520,9212x1520,,,30103,https://drive.google.com/file/d/11kTMnJ1Cra9b1Z1RJcOqJ9hGq-Ea8AVe/view?usp=sharing
540607467,2001-W,2001-W,9d22d3e6-4270-40e7-b035-3b489b780fa7,live,API,New Tradition,New Tradition,,Outdoor|Billboards|Spectacular,Miami South Beach Entrance,MIAMI,33132,Miami-Dade County - FL,FL,"Miami-Ft. Lauderdale, FL",USA,25.784785,-80.176137,Downtown/South Beach – I-395 MacArthur Causeway (targeting traffic to SoBe),10.0000,USD,134176,222,88337574,2267552,1,10,10,false,true,false,true,1104x608,1104x608,,,,30103,https://www.dropbox.com/scl/fo/czq4kxosceqkd889gg9bu/ACKfajvcDvGghshp1EN13d8?rlkey=61q22mflnf6h85q92hr5nargz&st=8lnmbo4m&dl=0
540607673,1105A,1105A,dbb10b3f-32f9-48b3-ba39-d1378ab3ae51,live,API,New Tradition,New Tradition,,Outdoor|Billboards|Spectacular,Centennial Towers,ATLANTA,30303,Fulton County - GA,GA,"Atlanta, GA",USA,33.757950,-84.394007,Centennial Towers - Centennial Olympic Park Dr & Marietta St,10.0000,USD,2178368,360,17685000,11869265,2,10,10,true,true,false,true,900x3888,900x3888,,,,30103,https://www.dropbox.com/scl/fo/wpvt9z9lehi7ahm8h4baa/AKBjRGo45ok09vxOgcBqpGI?rlkey=h1wbg1igdvcw2p4et2uccy0ll&st=1vf3ae23&dl=0
540607760,1106,1106,f3fb10e6-9a7c-4661-aebd-b3c05fda7f14,live,API,New Tradition,New Tradition,,Outdoor|Billboards|Spectacular,Centennial Olympic Park Drive,ATLANTA,30303,Fulton County - GA,GA,"Atlanta, GA",USA,33.757043,-84.395192,Centennial Olympic Park Dr w/o Marietta St,10.0000,USD,212200,34,16532432,5248214,1,10,10,true,true,false,true,756x4140,756x4140,,,,30103,https://www.dropbox.com/scl/fo/a1duwq89k8mxpxd79w27s/APPO6bcyURO8vzl7U_r4Hgg?rlkey=nkfdcxiregibbhydif0rt9af5&st=qd6hifoh&dl=0
582452871,1052B,#1052B,2cede7a6-786d-4fc7-897c-46326d599b2c,live,VAST,New Tradition,New Tradition,,Outdoor|Billboards|Spectacular,1 TSQ - West Facing,NEW YORK,10036,New York County - NY,NY,"New York, NY",USA,40.756421,-73.986488,"1 Times Square – 43rd St, Broadway & 7th Ave",5.0000,USD,3201473,703.9555556,36944820,31733718,1,15,15,true,true,false,true,1110x3780,1110x3780,,,,30103,https://www.dropbox.com/scl/fo/wmrk32os1jly59m7mt63e/AET2SnR1P5Cc_V26xYz7dT0?rlkey=4qa831le6f0xte3krb1lm65w8&st=svclr794&dl=0
582453176,466703187,DA.MBC-LED Player 1,47a581af-9fd0-4891-8701-49539dab0590,live,API,Big Outdoor,Big Outdoor,Spectacular,Outdoor|Billboards|Spectacular,Mockingbird Station,DALLAS,75206,Dallas County - TX,TX,"Dallas-Ft. Worth, TX",USA,32.837738,-96.776774,"5307 Mockingbird Lane, Dallas, TX 75205",13.0000,USD,141807,1.406815476,266098,32299,1,15,15,true,true,false,true,1920x1080,1920x1080,1920x1080,,,30103,https://bigoutdoor.box.com/s/va63rjinubu81dk59qfci8143ofeg1pa
582453269,1234865099,NASH.D100 - Display A,4f6e677e-30cb-4fdf-bfe1-07d8f24035c2,live,API,Big Outdoor,Big Outdoor,Spectacular,Outdoor|Billboards|Spectacular,Music City,NASHVILLE,37203,Davidson County - TN,TN,"Nashville, TN",USA,36.160600,-86.778900,"510 Broadway, Nashville, TN 37203",13.0000,USD,1660680,1,1979455,78661,1,15,15,true,true,false,true,480x960,480x960,480x960,,,30103,https://bigoutdoor.box.com/s/c0dob5g20a27i37aziw1syp4jpq74s9s
582453830,1079149687,LA.D113 Balcony-D1 - SMP,7f11f674-c7d9-482d-9a82-afb2a5918638,live,API,Big Outdoor,Big Outdoor,Spectacular,Outdoor|Billboards|Spectacular,Santa Monic Place,SANTA MONICA,90401,Los Angeles County - CA,CA,"Los Angeles, CA",USA,34.014180,-118.493590,"395 Santa Monica Place, Santa Monic, CA 90401",13.0000,USD,155623,1.543878968,910959,71364,1,15,15,true,true,false,true,1920x1080,1920x1080,1920x1080,,,30103,https://bigoutdoor.box.com/s/csddesvdhzzesdsfy8kaclcwqu2ggb7d
582453865,1234873766,NASH.D100 - Display B,81b1ffce-9272-43ae-a4d9-4750d9ea1c49,live,API,Big Outdoor,Big Outdoor,Spectacular,Outdoor|Billboards|Spectacular,Music City,NASHVILLE,37203,Davidson County - TN,TN,"Nashville, TN",USA,36.160800,-86.778800,"510 Broadway, Nashville, TN 37203",13.0000,USD,1660680,1,2802918,85288,1,15,15,true,true,false,true,384x832,384x832,384x832,,,30103,https://bigoutdoor.box.com/s/c0dob5g20a27i37aziw1syp4jpq74s9s
615436805,SF-DG-501,SF-DG-501,8b0dab16-c540-483c-a73d-a0453b9fa80c,live,API,Orange Barrel Media,Orange Barrel Media,Spectacular,Outdoor|Billboards|Spectacular,SF-DG-501,SAN JOSE,95110,Santa Clara County - CA,CA,"San Francisco-Oakland-San Jose, CA",USA,37.329552,-121.891812,San Jose Center for Performing Arts | South Almaden Blvd / W San Carlos Blvd,25.0000,USD,18475081,53.457989,745616,74743,1,15,15,false,true,false,true,2250x540,2250x540,2250x540,,,30103,""
615437049,SF-DG-500,SF-DG-500,cba31c95-babe-401a-a903-8d6f1a87d97d,live,API,Orange Barrel Media,Orange Barrel Media,Spectacular,Outdoor|Billboards|Spectacular,SF-DG-500,SAN JOSE,95110,Santa Clara County - CA,CA,"San Francisco-Oakland-San Jose, CA",USA,37.330514,-121.892622,San Jose Center for Performing Arts | South Almaden Blvd / Park Ave,25.0000,USD,5064632,14.65460648,378343,25343,1,15,15,false,true,false,true,2250x540,2250x540,2250x540,,,30103,""
615437181,LA-DG-509,LA-DG-509,eff06db8-39e3-4d0a-bbd8-e39104209fed,live,API,Orange Barrel Media,Orange Barrel Media,Spectacular,Outdoor|Billboards|Spectacular,LA-DG-509,WEST HOLLYWOOD,90069,Los Angeles County - CA,CA,"Los Angeles, CA",USA,34.090774,-118.388189,9015 Sunset Blvd | Rainbow/Roxy,75.0000,USD,3637433,10.52497975,451491,40911,1,15,15,true,true,false,true,608x1536,608x1536,608x1536,"Bicycling,Bodybuilding,Boxing,Dining Out,Government,Illegal Content,Law,Politics,& Politics,Pornography",,30103,""
666262014,1709,1709,3f20adeb-818e-4bec-8c14-c810e92e4654,live,API,New Tradition,New Tradition,,Outdoor|Billboards|Spectacular,"",DETROIT,48226,Wayne County - MI,MI,"Detroit, MI",USA,42.333312,-83.043928,"",10.0000,USD,625852,26,27272986,3528460,1,10,10,false,true,false,true,660x1360,660x1360,660x1360,,,30103,https://www.dropbox.com/scl/fo/sf3pkelq8e2fwvt2nuib6/AHvAfPkHPuE09vzkizPUGnk?rlkey=7v0qjvaxtvhz3hysypcnc67r1&dl=0
668174395,SF-DG-502,SF-DG-502,724b9567-7c6b-4e64-b780-e259c81de799,live,API,Orange Barrel Media,Orange Barrel Media,Spectacular,Outdoor|Billboards|Spectacular,SF-DG-502,SAN JOSE,95113,Santa Clara County - CA,CA,"San Francisco-Oakland-San Jose, CA",USA,37.332223,-121.886004,2nd & San Carlos Garage,25.0000,USD,1500491,4.3416985,127435,62758,1,15,15,false,true,false,true,855x1350,855x1350,855x1350,,,30103,""
700427883,1322590497,DA.D400 - P,bca15869-7d7c-4c7c-b49d-1ae0c21fa2e7,live,API,Big Outdoor,Big Outdoor,Spectacular,Outdoor|Billboards|Spectacular,Park Lane,DALLAS,75231,Dallas County - TX,TX,"Dallas-Ft. Worth, TX",USA,32.869730,-96.768910,"8080 Park Ln, Dallas, TX 75231",13.0000,USD,,25,60398,24659,1,15,15,true,true,false,true,3000x750,3000x750,3000x750,,,30103,https://bigoutdoor.box.com/s/30lyajar3fz2nf9tfwwxoyoxqvxu4x85
700427898,1346780822,NY.D600 - Primary,be3b6f8f-7a41-4da9-b8b3-802726272981,live,API,Big Outdoor,Big Outdoor,Spectacular,Outdoor|Billboards|Spectacular,42nd St,NEW YORK,10036,New York County - NY,NY,"New York, NY",USA,40.756940,-73.988710,"241 W 42nd St, New York, NY 10036",17.0000,USD,6407880,412.3789456,24530609,10076649,1,15,15,true,true,false,true,2640x1500,2640x1500,2640x1500,,,30103,https://bigoutdoor.box.com/s/sphcujv6kedf5z9xhz9ffj3q0gqovlmk
710331545,3257a6a1-fe62-491c-8a5a-8c69018a5031,LA.D600 -Display B,a5e27c31-8caa-49c8-ab3f-2db9921588ac,on_demand,API,Big Outdoor,Big Outdoor,Spectacular,Outdoor|Billboards|Spectacular,Intuit Dome,INGLEWOOD,90303,Los Angeles County - CA,CA,"Los Angeles, CA",USA,33.945270,-118.343740,"Intuit Dome, 3930 W Century Blvd, Inglewood, CA 90303",13.0000,USD,3529232,263,2977949,241171,2,15,15,false,true,false,true,1176x2184,1176x2184,1176x2184,,,30103,https://bigoutdoor.box.com/s/p99zp1kybrukcqubhrd8lfyru9pmkbmi
710331563,c5f28501-c65f-4156-847c-37f97bb7abf1,LA.D600 - Display A,b80fe49c-3e83-47fe-8105-14216c44510b,on_demand,API,Big Outdoor,Big Outdoor,Spectacular,Outdoor|Billboards|Spectacular,Intuit Dome,INGLEWOOD,90303,Los Angeles County - CA,CA,"Los Angeles, CA",USA,33.945270,-118.343740,"Intuit Dome, 3930 W Century Blvd, Inglewood, CA 90303",13.0000,USD,3529232,263,2978475,250376,2,15,15,true,true,false,true,1176x2184,1176x2184,1176x2184,,,30103,https://bigoutdoor.box.com/s/p99zp1kybrukcqubhrd8lfyru9pmkbmi
715101198,DDI-SP-11BD,DDI-SP-11BD,55cde66e-5660-4e18-9f2d-bb57a4a4a5d1,live,API,Screenverse + Apparatix Billboards,DDI Media,Billboard,Outdoor|Billboards|Spectacular,"I 65 E/S, 0.70 mi S/O West State Highway J, S/F",OZARK,65721,Christian County - MO,MO,"Springfield, MO",USA,37.060060,-93.226790,"I 65 E/S, 0.70 mi S/O West State Highway J, S/F",6.5000,USD,303912,7.04,309884,14994,1,8,8,false,true,false,false,672x408,672x408,672x408,,,30103,https://europa.apx.me/face/photo/apx/web/ddi/SP-11BD/approach%20photo/gyZjE5Nw.webp
726563655,BOS-DG-511,BOS-DG-511,7b9ec151-1faa-48e1-9c74-8c7e4e620bfa,live,API,Orange Barrel Media,Orange Barrel Media,Spectacular,Outdoor|Billboards|Spectacular,BOS-DG-511,BOSTON,02215,Suffolk County - MA,MA,"Boston (Manchester), MA-NH",USA,42.347310,-71.098616,Lansdowne & Brookline | Fenway,25.0000,USD,19144422,55.39473958,759660,92698,1,15,15,false,true,false,true,960x760,960x760,960x760,Sexuality,,30103,""
726564095,ATL-DG-514,ATL-DG-514,a52ccfce-fe89-40e0-a5d5-3e3a9a10cab3,live,API,Orange Barrel Media,Orange Barrel Media,Spectacular,Outdoor|Billboards|Spectacular,ATL-DG-514,ATLANTA,30303,Fulton County - GA,GA,"Atlanta, GA",USA,33.752396,-84.395619,Mitchell St & Ted Turner Dr,25.0000,USD,1894082,5.48056134,77455,16353,1,15,15,true,true,false,true,1000x900,1000x900,1000x900,,,30103,""
726564727,LA-DG-513,LA-DG-513,e159bdc6-dfd2-4206-bf04-0fe2021099ea,live,API,Orange Barrel Media,Orange Barrel Media,Spectacular,Outdoor|Billboards|Spectacular,LA-DG-513,LOS ANGELES,90028,Los Angeles County - CA,CA,"Los Angeles, CA",USA,34.101678,-118.340586,Hollywood Blvd | TCL Chinese Theatres,25.0000,USD,14784113,42.77810475,0,0,1,15,15,true,true,false,true,3840x2160,3840x2160,3840x2160,"Bicycling,Bodybuilding,Boxing,Dining Out,Government,Illegal Content,Law,Politics,& Politics,Pornography",,30103,""
740088849,CHAMP-06,Interstate 4 - Tampa - West,21891f4e-21b3-4019-8b1d-8430ccdf7054,live,API,Screenverse,Screenverse + Collective Outdoor,Billboard,Outdoor|Billboards|Spectacular,Interstate 4 - Tampa - West,TAMPA,33605,Hillsborough County - FL,FL,"Tampa-St.Petersburg (Sarasota), FL",USA,27.962066,-82.421102,"Interstate 4, Tampa, FL 33605",6.5000,USD,,1,2635301,15689,1,6,64,false,true,false,false,846x234,846x234,846x234,"Alternative Medicine,Politics",,30103,""
740089602,CHAMP-05,Interstate 4 - Tampa - East,5a5f3ae0-19e5-48b0-a5b5-fba194621f9e,live,API,Screenverse,Screenverse + Collective Outdoor,Billboard,Outdoor|Billboards|Spectacular,Interstate 4 - Tampa - East,TAMPA,33605,Hillsborough County - FL,FL,"Tampa-St.Petersburg (Sarasota), FL",USA,27.965356,-82.426567,"Interstate 4, Tampa, FL 33605",6.5000,USD,,1,2792338,49103,1,6,64,false,true,false,false,630x180,630x180,630x180,"Alternative Medicine,Politics",,30103,""
740090593,CHAMP-04,Interstate 4 - Lakeland - West,a83b0f06-309d-4fc8-a557-b0df35d86a5f,live,API,Screenverse,Screenverse + Collective Outdoor,Billboard,Outdoor|Billboards|Spectacular,Interstate 4 - Lakeland - West,POLK CITY,33868,Polk County - FL,FL,"Tampa-St.Petersburg (Sarasota), FL",USA,28.155360,-81.830166,"Interstate 4, Auburndale, FL 33868",6.5000,USD,,1,332483,5990,1,6,64,false,true,false,false,846x234,846x234,846x234,"Alternative Medicine,Politics",,30103,""
740090807,CHAMP-03,Interstate 4 - Lakeland - East,b732201e-55c9-4f63-ac68-3f47408fda22,live,API,Screenverse,Screenverse + Collective Outdoor,Billboard,Outdoor|Billboards|Spectacular,Interstate 4 - Lakeland - East,POLK CITY,33868,Polk County - FL,FL,"Tampa-St.Petersburg (Sarasota), FL",USA,28.155360,-81.830166,"Interstate 4, Auburndale, FL 33868",6.5000,USD,,1,286083,5699,1,6,64,false,true,false,false,846x234,846x234,846x234,"Alternative Medicine,Politics",,30103,""
741055924,93567-B5461-C57D2-25B06-FE412-A549C-5C2B1,Pentacular,6d811279-b40d-441a-86e0-dfb562115d9f,live,API,Heritage Outdoor,Heritage Outdoor,Spectacular,Outdoor|Billboards|Spectacular,Corner of 7th Ave @ 49th St (4) Statics + (1) Digital at 100% SOV See Location List for Unit Details,NEW YORK,10019,New York County - NY,NY,"New York, NY",USA,40.760475,-73.983737,"1604 Broadway New York, NY 10019",5.0000,USD,1749237,27,25657047,753408,1,15,15,true,true,false,false,1920x1000,1920x1000,1920x1000,,,30103,""
741056179,LOG-01,Interstate 4 - Tampa - Westbound,d3a240b7-9ac2-4ee6-85e3-871629992b72,live,API,Screenverse,Screenverse + Collective Outdoor,Billboard,Outdoor|Billboards|Spectacular,Interstate 4 - Tampa - Westbound,TAMPA,33605,Hillsborough County - FL,FL,"Tampa-St.Petersburg (Sarasota), FL",USA,27.964900,-82.418169,"Interstate 4, Tampa, FL 33605",6.5000,USD,,1,3009277,54138,1,6,64,false,true,false,false,864x234,864x234,864x234,"Alternative Medicine,Politics",,30103,""
742025439,com.broadsign:2c3cecc9-d635-47d9-9fb9-1eb311798c9b,"The Trio, Los Angeles",060124ca-ea41-4515-b8e6-481b8255930f,live,Broadsign Platform,kevani,kevani,Spectacular,Outdoor|Billboards|Spectacular,Venue for THE TRIO_1136A NORTHWEST_1136B NORTH_1136C SOUTH_THE TRIO_1136A NORTHWEST_LEADER,INGLEWOOD,90305,Los Angeles County - CA,CA,"Los Angeles, CA",USA,33.957504,-118.339970,"Kareem Ct, Inglewood, CA 90305",30.0000,USD,526092,0,0,0,1,15,15,true,true,false,false,900x504,1920x1080,1920x1080,"Government,Illegal Content,Law,& Politics,Religion & Spirituality,Sexuality",,30103,https://images.squarespace-cdn.com/content/v1/631d97eef1a9f95147b49ad2/02e8961a-590f-4370-b2fd-19496c6b3d0f/TheTrio_KEVANI.jpg?format=500w
742032181,com.broadsign:666ece66-9cf4-4015-8c94-798c65912c16,Melrose Lights West,0de0ef92-28a5-46fd-aef7-7362d6ac6aec,live,Broadsign Platform,kevani,kevani,Spectacular,Outdoor|Billboards|Spectacular,Venue for MELROSE LIGHTS_1149 WEST,LOS ANGELES,90046,Los Angeles County - CA,CA,"Los Angeles, CA",USA,34.083904,-118.363670,"7977 Melrose Ave, Los Angeles, CA 90046",30.0000,USD,993232,0,0,0,1,8,8,false,true,false,false,1536x540,1200x400,1200x400,"Government,Illegal Content,Law,& Politics,Religion & Spirituality,Sexuality",,30103,https://photos.fife.usercontent.google.com/pw/AP1GczMuatFomiQVJ1CE7KcYhydoNPM-MgKI24l8dEjW_o-FjgwLyfoT8Ba_Df6iYl5pUfEcbdTN5uK8U1RjDY4eYXbro8bjXcE=w1308-h872-s-no-gm?authuser=0
742052290,com.broadsign:0cdc005f-315b-4789-a083-533ffefcc91b,South Bay Pairing 1145A,251e04b7-71ae-4f74-a23e-a45ff169e99d,live,Broadsign Platform,kevani,kevani,Spectacular,Outdoor|Billboards|Spectacular,Venue for SOUTH BAY PAIRING_91_TRADITIONAL_1145A East,CARSON,90746,Los Angeles County - CA,CA,"Los Angeles, CA",USA,33.872360,-118.268456,"",10.0000,USD,1451520,0,0,0,1,8,8,false,true,false,false,648x936,648x936,,"Government,Illegal Content,Law,& Politics,Religion & Spirituality,Sexuality",,30103,https://photos.fife.usercontent.google.com/pw/AP1GczNrXaNNbcX9fayPysSKeilXZveaRe1o70fyFm3iIHRbmaQtnOdlKzQGBL77H8W3i9NJv3oy5FyxRwK92JCeD0g94DGMKTM=w1308-h872-s-no-gm?authuser=0
748390686,com.broadsign:85ce6a9b-178b-4c1b-ba7e-2d826fd209e5,South Bay Pairing 1146B,3348aa15-fe4b-4e3c-8e74-51f1d10cae19,live,Broadsign Platform,kevani,kevani,Spectacular,Outdoor|Billboards|Spectacular,Venue for SOUTH BAY PAIRING_405_TRADITIONAL_1146A Northwest,CARSON,90745,Los Angeles County - CA,CA,"Los Angeles, CA",USA,33.830997,-118.254425,"",10.0000,USD,3006528,0,0,0,1,8,8,false,true,false,false,648x936,648x936,,"Government,Illegal Content,Law,& Politics,Religion & Spirituality,Sexuality",,30103,https://photos.fife.usercontent.google.com/pw/AP1GczNrXaNNbcX9fayPysSKeilXZveaRe1o70fyFm3iIHRbmaQtnOdlKzQGBL77H8W3i9NJv3oy5FyxRwK92JCeD0g94DGMKTM=w1308-h872-s-no-gm?authuser=0
748398074,com.broadsign:e3dce11d-6542-49df-8c72-1a5307777caf,"The Trio, Los Angeles",3cad3e25-bd57-4b49-875d-fc55ba0450a5,live,Broadsign Platform,kevani,kevani,Spectacular,Outdoor|Billboards|Spectacular,Venue for THE TRIO_1136A NORTHWEST_1136B NORTH_1136C SOUTH_THE TRIO_1136B NORTH,INGLEWOOD,90305,Los Angeles County - CA,CA,"Los Angeles, CA",USA,33.957504,-118.339970,"Kareem Ct, Inglewood, CA 90305",30.0000,USD,677760,0,0,0,1,15,15,true,true,false,false,900x504,1920x1080,1920x1080,"Government,Illegal Content,Law,& Politics,Religion & Spirituality,Sexuality",,30103,https://images.squarespace-cdn.com/content/v1/631d97eef1a9f95147b49ad2/02e8961a-590f-4370-b2fd-19496c6b3d0f/TheTrio_KEVANI.jpg?format=500w
748414561,com.broadsign:6e81885a-9708-4b21-a185-9f9e3c5969f0,Squareview 1159B,517b4581-5f2f-469b-9d1a-76096a982c6b,live,Broadsign Platform,kevani,kevani,Spectacular,Outdoor|Billboards|Spectacular,Venue for SQUAREVIEW_1159B,NEW YORK,10036,New York County - NY,NY,"New York, NY",USA,40.759540,-73.984230,"",10.0000,USD,1237824,0,0,0,1,15,15,true,true,false,false,1152x1620,1080x1440,1080x1440,"Government,Illegal Content,Law,& Politics,Religion & Spirituality,Sexuality",,30103,https://photos.google.com/share/AF1QipMppRyrR3UJgiMHO9tevBgmiqW6-Td8ZyoH0SqMGrvK2x5PtBHkFOVTBJdkodtKZg/photo/AF1QipPtbNZiUdc7WukdGLP7EfrXNL9nVWm20jsJ8c4c?key=MDgwa0lvVTI3bTRWTzlHd09LWjMybndhWUhQblRB
749411972,com.broadsign:362582b9-69ca-4166-bb7f-df5a7822e43d,South Bay Pairing 1145B,7a04fa48-a0ff-4577-9843-ec0eda2a367e,live,Broadsign Platform,kevani,kevani,Spectacular,Outdoor|Billboards|Spectacular,Venue for SOUTH BAY PAIRING_91_TRADITIONAL_1145B West,CARSON,90746,Los Angeles County - CA,CA,"Los Angeles, CA",USA,33.872360,-118.268456,"",10.0000,USD,1579200,0,0,0,1,8,8,false,true,false,false,648x936,648x936,,"Government,Illegal Content,Law,& Politics,Religion & Spirituality,Sexuality",,30103,https://photos.fife.usercontent.google.com/pw/AP1GczNrXaNNbcX9fayPysSKeilXZveaRe1o70fyFm3iIHRbmaQtnOdlKzQGBL77H8W3i9NJv3oy5FyxRwK92JCeD0g94DGMKTM=w1308-h872-s-no-gm?authuser=0
749420496,com.broadsign:d55a6645-853f-4599-866c-b0f6bf04eb1f,Melrose Lights,84da358c-fcfb-4211-8a19-ced175af1f0b,live,Broadsign Platform,kevani,kevani,Spectacular,Outdoor|Billboards|Spectacular,Venue for MELROSE LIGHTS_1140 EAST,LOS ANGELES,90036,Los Angeles County - CA,CA,"Los Angeles, CA",USA,34.083378,-118.347630,"7250 Melrose Ave, Los Angeles, CA 90046",30.0000,USD,1239400,0,0,0,1,8,8,false,true,false,false,1680x720,1680x720,,"Government,Illegal Content,Law,& Politics,Religion & Spirituality,Sexuality",,30103,https://images.squarespace-cdn.com/content/v1/631d97eef1a9f95147b49ad2/fe66b890-2aca-4488-8f07-04b846baee72/KEVANI-Melrose-Lights.jpg?format=750w
749423401,com.broadsign:8a7c7ceb-5446-4b8c-aca5-e9eebaaa6713,Squareview 1159A,887f3e26-9239-41ff-9e6e-7045846e323b,live,Broadsign Platform,kevani,kevani,Spectacular,Outdoor|Billboards|Spectacular,Venue for SQUAREVIEW_1159A,NEW YORK,10036,New York County - NY,NY,"New York, NY",USA,40.759540,-73.984230,"",10.0000,USD,1684032,0,0,0,1,15,15,true,true,false,false,1152x1620,1080x1440,1080x1440,"Government,Illegal Content,Law,& Politics,Religion & Spirituality,Sexuality",,30103,https://photos.google.com/share/AF1QipMppRyrR3UJgiMHO9tevBgmiqW6-Td8ZyoH0SqMGrvK2x5PtBHkFOVTBJdkodtKZg/photo/AF1QipPtbNZiUdc7WukdGLP7EfrXNL9nVWm20jsJ8c4c?key=MDgwa0lvVTI3bTRWTzlHd09LWjMybndhWUhQblRB
749445323,com.broadsign:ae150972-6cb1-4b33-99f6-63352272932a,Nexus,a434e978-080e-469e-a21e-2a26203d8a0c,live,Broadsign Platform,kevani,kevani,Spectacular,Outdoor|Billboards|Spectacular,Venue for NEXUS,GARDENA,90249,Los Angeles County - CA,CA,"Los Angeles, CA",USA,33.915905,-118.326340,"",10.0000,USD,1634644,0,0,0,1,15,15,true,true,false,false,1520x2340,1520x2340,,"Government,Illegal Content,Law,& Politics,Religion & Spirituality,Sexuality",,30103,https://photos.google.com/share/AF1QipOB6IvvhHCfYi1Z5_sAyi7TAa7bExwgmoETlUq_2EB2ztHC-0J-ntApKM-gl1hqBQ/photo/AF1QipMB0u8CFj4mXLofya_H12JbEZyZ-c6vmq2BspSp
750427056,com.broadsign:1d939c28-ec72-4edb-bfcc-0151742c7d75,Squareview 1161AB,b6da683d-9ddb-4437-9d7e-89d696d5a9e0,live,Broadsign Platform,kevani,kevani,Spectacular,Outdoor|Billboards|Spectacular,Venue for SQUAREVIEW_1161AB,NEW YORK,10036,New York County - NY,NY,"New York, NY",USA,40.759540,-73.984270,"",10.0000,USD,2698752,0,0,0,1,15,15,true,true,false,false,2304x1980,2304x1980,,"Government,Illegal Content,Law,& Politics,Religion & Spirituality,Sexuality",,30103,https://photos.google.com/share/AF1QipMppRyrR3UJgiMHO9tevBgmiqW6-Td8ZyoH0SqMGrvK2x5PtBHkFOVTBJdkodtKZg/photo/AF1QipPtbNZiUdc7WukdGLP7EfrXNL9nVWm20jsJ8c4c?key=MDgwa0lvVTI3bTRWTzlHd09LWjMybndhWUhQblRB
750435346,com.broadsign:0b8b680b-eb77-4d6f-959a-9519ecba90c6,South Bay Pairing 1146A,c1f55b00-c58b-4f3c-be9d-95ba3a650157,live,Broadsign Platform,kevani,kevani,Spectacular,Outdoor|Billboards|Spectacular,Venue for SOUTH BAY PAIRING_405_TRADITIONAL_1146B Southeast,CARSON,90745,Los Angeles County - CA,CA,"Los Angeles, CA",USA,33.830997,-118.254425,"",10.0000,USD,1503936,0,0,0,1,8,8,false,true,false,false,648x936,648x936,,"Government,Illegal Content,Law,& Politics,Religion & Spirituality,Sexuality",,30103,https://photos.fife.usercontent.google.com/pw/AP1GczNrXaNNbcX9fayPysSKeilXZveaRe1o70fyFm3iIHRbmaQtnOdlKzQGBL77H8W3i9NJv3oy5FyxRwK92JCeD0g94DGMKTM=w1308-h872-s-no-gm?authuser=0
750441246,com.broadsign:2afa525d-e327-4545-846f-5ad6c4978a28,Squareview 1160,c9c98eda-a235-4ec3-ab7a-fad88c6d7045,live,Broadsign Platform,kevani,kevani,Spectacular,Outdoor|Billboards|Spectacular,Venue for SQUAREVIEW_1160,NEW YORK,10036,New York County - NY,NY,"New York, NY",USA,40.759544,-73.984250,"",10.0000,USD,2395680,0,0,0,1,15,15,true,true,false,false,2256x1260,1920x1080,1920x1080,"Government,Illegal Content,Law,& Politics,Religion & Spirituality,Sexuality",,30103,https://photos.google.com/share/AF1QipMppRyrR3UJgiMHO9tevBgmiqW6-Td8ZyoH0SqMGrvK2x5PtBHkFOVTBJdkodtKZg/photo/AF1QipPtbNZiUdc7WukdGLP7EfrXNL9nVWm20jsJ8c4c?key=MDgwa0lvVTI3bTRWTzlHd09LWjMybndhWUhQblRB
750463332,com.broadsign:c7716eac-4a72-414e-8506-e4044dc2687c,Fig Spectacular,e770c58d-b0d5-44b5-9ca0-e99c6be8f4c7,live,Broadsign Platform,kevani,kevani,Spectacular,Outdoor|Billboards|Spectacular,Venue for FIG SPECTACULAR_1137 SOUTH,LOS ANGELES,90015,Los Angeles County - CA,CA,"Los Angeles, CA",USA,34.043900,-118.265350,"1011 S Figueroa St, Los Angeles, CA 90015",30.0000,USD,3485068,0,0,0,1,15,15,true,true,false,false,1920x1080,1920x1080,,"Government,Illegal Content,Law,& Politics,Religion & Spirituality,Sexuality",,30103,https://creative-uploads.s3.us-east-1.amazonaws.com/KEVANI/FS_TourismAustralia-ComeAndSayG_day_02.jpg
766108706,LA-DG-510,LA-DG-510,4be346de-cbb2-4fe9-8dd4-2b38f5927e7b,live,API,Orange Barrel Media,Orange Barrel Media,Spectacular,Outdoor|Billboards|Spectacular,LA-DG-510,WEST HOLLYWOOD,90069,Los Angeles County - CA,CA,"Los Angeles, CA",USA,34.090840,-118.385760,8901 Sunset Blvd | Whisky a Go Go,150.0000,USD,3661491,10.59459201,428146,30526,1,15,30,true,true,false,true,2088x600,2088x600,2088x600,"Bicycling,Bodybuilding,Boxing,Dining Out,Government,Illegal Content,Law,Politics,& Politics,Pornography",,30103,""
795587310,com.broadsign:141d07e6-8dda-4bb8-aed9-88086d364a6d,1136-A,38aaa8aa-8b93-4f73-9e01-8baf313d01e3,live,Broadsign Platform,kevani,kevani,Spectacular,Outdoor|Billboards|Spectacular,Venue for THE TRIO_1136A NORTHWEST_1136B NORTH_1136C SOUTH_THE TRIO_1136C SOUTH,INGLEWOOD,90305,Los Angeles County - CA,CA,"Los Angeles, CA",USA,33.957504,-118.339970,"Kareem Ct, Inglewood, CA 90305",30.0000,USD,1004332,0,0,0,1,15,15,true,true,false,false,900x504,1920x1080,1920x1080,"Government,Illegal Content,Law,& Politics,Religion & Spirituality,Sexuality",,30103,https://photos.google.com/share/AF1QipNxGUQInkvBbomZWSaRolfwQ6PzgtjH-qLytZvs0_KoEVZnwegAwTtJM2_nQ1JwXA/photo/AF1QipPrcLKkCOopp_btVwsrNHCNk6rQa4WXJjsEw8GX?key=VmkwbWdiSFNxT0JSR01zTDhoc0M0cU9pOFVpS05n
800611165,com.broadsign:7a63a1a3-f6fc-4110-8802-9b842e905892,CLONE_SBP 405_1146B Southeast,42935017-3525-4540-9190-8a37ddc6dd35,live,Broadsign Platform,kevani,kevani,Spectacular,Outdoor|Billboards|Spectacular,Venue for CLONE_SBP 405_1146B Southeast,CARSON,90745,Los Angeles County - CA,CA,"Los Angeles, CA",USA,33.830997,-118.254425,"",10.0000,USD,0,0,0,0,1,8,8,false,true,false,false,648x936,648x936,,"Government,Illegal Content,Law,& Politics,Religion & Spirituality,Sexuality",,30103,""
800611224,com.broadsign:c077a9d5-c403-4b2b-b76b-a3abd34c4a38,CLONE_SBP 405_1146A Northwest,4b3d07ac-dcb9-4fdf-8576-0ac37275425a,live,Broadsign Platform,kevani,kevani,Spectacular,Outdoor|Billboards|Spectacular,Venue for CLONE_SBP 405_1146A Northwest,CARSON,90745,Los Angeles County - CA,CA,"Los Angeles, CA",USA,33.830997,-118.254425,"",10.0000,USD,0,0,0,0,1,8,8,true,true,false,false,648x936,648x936,,"Government,Illegal Content,Law,& Politics,Religion & Spirituality,Sexuality",,30103,""
800612150,com.broadsign:1d96b108-5e20-4662-859d-35fbf5fd8555,CLONE_SBP 91_1145B West,cdc6fff6-8cec-4dc6-beab-b64b7784be97,live,Broadsign Platform,kevani,kevani,Spectacular,Outdoor|Billboards|Spectacular,Venue for CLONE_SBP 91_1145B West,CARSON,90746,Los Angeles County - CA,CA,"Los Angeles, CA",USA,33.872360,-118.268456,"",10.0000,USD,0,0,0,0,1,15,15,true,true,false,false,648x936,648x936,,"Government,Illegal Content,Law,& Politics,Religion & Spirituality,Sexuality",,30103,""
800612402,com.broadsign:a5f0ff12-899c-42a8-b69e-48786e116316,CLONE_SBP 91_1145A East,f3409f3f-2c12-4ee1-8c07-5c791caef1de,live,Broadsign Platform,kevani,kevani,Spectacular,Outdoor|Billboards|Spectacular,Venue for CLONE_SBP 91_1145A East,CARSON,90746,Los Angeles County - CA,CA,"Los Angeles, CA",USA,33.872360,-118.268456,"",10.0000,USD,0,0,0,0,1,8,8,false,true,false,false,648x936,648x936,,"Government,Illegal Content,Law,& Politics,Religion & Spirituality,Sexuality",,30103,""
844186480,LA.D114,LA.D114 - Huntington Beach,39b96412-329b-4847-9e30-0941150ddd62,live,API,Big Outdoor,Big Outdoor,Spectacular,Outdoor|Billboards|Spectacular,Huntington Beach,HUNTINGTON BEACH,92648,Orange County - CA,CA,"Los Angeles, CA",USA,33.654839,-117.997207,"21010 Pacific Coast Hwy, Huntington Beach, CA 92648",17.0000,USD,32632,4,0,0,1,15,15,true,true,false,true,1008x576,1008x576,1008x576,,,30103,https://bigoutdoor.box.com/s/s9l55vj7g7gc6htx0k6p9ggn3kwvnnt4
844187726,559756357,LA.D114 - Huntington Beach,bda01ee2-a0c4-4202-9475-1ac9061ac755,live,API,Big Outdoor,Big Outdoor,Spectacular,Outdoor|Billboards|Spectacular,Huntington Beach,HUNTINGTON BEACH,92648,Orange County - CA,CA,"Los Angeles, CA",USA,33.654839,-117.997207,"21010 Pacific Coast Hwy, Huntington Beach, CA 92648",17.0000,USD,32632,4,264004,21616,1,15,15,true,true,false,true,1008x576,1008x576,1008x576,,,30103,https://bigoutdoor.box.com/s/s9l55vj7g7gc6htx0k6p9ggn3kwvnnt4
846311931,108B,I-65 / Lowery Pky N,8f9c2b25-9482-4f94-b8c9-12f64fb4dc4b,live,API,Screenverse,Screenverse + Collective Outdoor,Billboard,Outdoor|Billboards|Spectacular,I-65 / Lowery Pky N,FULTONDALE,35068,Jefferson County - AL,AL,"Birmingham (Anniston and Tuscaloosa), AL",USA,33.593999,-86.804977,"I-65 / Lowery Pky, Fultondale, AL 35068",6.5000,USD,,1,0,0,1,8,8,false,true,false,false,846x234,846x234,846x234,,,30103,""
881079250,com.broadsign:0cc2f2a6-898e-48d9-92f8-c703bda4ebfb,The Landmark 105 West,2620f369-cc0d-46f7-91be-dc4047ab6806,live,Broadsign Platform,kevani,kevani,,Outdoor|Billboards|Spectacular,Venue for LANDMARK 105_1162B WEST,LYNWOOD,90262,Los Angeles County - CA,CA,"Los Angeles, CA",USA,33.927414,-118.214370,"",10.0000,USD,1170624,0,0,0,1,8,8,false,true,false,false,1240x1480,1240x1480,,,,30103,https://photos.google.com/share/AF1QipObIXVfzC_IJZwLIe44wn-rX0750GfnLtuarw97tY0dlwMneKREUnVcWeuJJtiOnQ/photo/AF1QipPwn5HUYhIBttERVm-BRsWI1PZsEqmQhGLX8sGM?key=YWVDbmFJY0V6dXBlcERoVnFYR0tvajQ2X3M1S09n
881080478,com.broadsign:92b06b78-7798-4a5c-a264-e2827b4234bb,VUE,747c2a9d-1bf6-4f67-ac90-fbd7fb91e80d,live,Broadsign Platform,kevani,kevani,,Outdoor|Billboards|Spectacular,Venue for VUE 1163,LOS ANGELES,90020,Los Angeles County - CA,CA,"Los Angeles, CA",USA,34.063698,-118.304300,"",10.0000,USD,753312,0,0,0,1,8,8,false,true,false,false,960x1360,1080x1440,1080x1440,,,30103,https://photos.google.com/share/AF1QipMOCoTUo3gVR_ATZcYvsqZlCWWXT-6Q6MX_HdGQV1Jwtp7EcbSyFlzUoeEJK3FbLw/photo/AF1QipNHK3e-KoUJWxZ281RCFYIxxkkkhW13uzSkhSuk
881081212,com.broadsign:e294b98c-6e97-4276-8bdb-0f8ca21f970f,The Landmark 105 East,a1ed5f25-bf83-478f-a1d5-24b087fc3875,live,Broadsign Platform,kevani,kevani,,Outdoor|Billboards|Spectacular,Venue for LANDMARK 105_1162A SOUTHEAST,LYNWOOD,90262,Los Angeles County - CA,CA,"Los Angeles, CA",USA,33.927395,-118.214260,"",10.0000,USD,1417920,0,0,0,1,8,8,false,true,false,false,1240x1480,1240x1480,,,,30103,https://photos.google.com/share/AF1QipObIXVfzC_IJZwLIe44wn-rX0750GfnLtuarw97tY0dlwMneKREUnVcWeuJJtiOnQ/photo/AF1QipOyKaOrIPV1QBKrqq2XgUdnNPR43de498BDFr4P?key=YWVDbmFJY0V6dXBlcERoVnFYR0tvajQ2X3M1S09n
883282379,SF-DG-504,SF-DG-504,62e83491-7e98-4755-aa43-34eccb55c6e7,live,API,Orange Barrel Media,Orange Barrel Media,Spectacular,Outdoor|Billboards|Spectacular,SF-DG-504,SAN JOSE,95110,Santa Clara County - CA,CA,"San Francisco-Oakland-San Jose, CA",USA,37.327920,-121.889869,San Jose Convention Center,,USD,,,0,0,1,15,15,false,true,false,true,1575x900,1575x900,1575x900,,,30103,""
883282432,SF-DG-503,SF-DG-503,6fcc8601-409d-4821-9bef-a12e1a67b222,live,API,Orange Barrel Media,Orange Barrel Media,Spectacular,Outdoor|Billboards|Spectacular,SF-DG-503,SAN JOSE,95110,Santa Clara County - CA,CA,"San Francisco-Oakland-San Jose, CA",USA,37.327920,-121.889869,San Jose Convention Center,,USD,,,0,0,1,15,15,false,true,false,true,1575x900,1575x900,1575x900,,,30103,""
883282469,LA-DG-514,LA-DG-514,76cd1d0f-42e1-49b9-a307-83118d661658,live,API,Orange Barrel Media,Orange Barrel Media,Spectacular,Outdoor|Billboards|Spectacular,LA-DG-514,SANTA MONICA,90401,Los Angeles County - CA,CA,"Los Angeles, CA",USA,34.017401,-118.497594,Santa Monica I 3rd Street Promenade & Arizona,,USD,,,0,0,3,15,15,true,true,false,true,5248x1256,5248x1256,5248x1256,,,30103,""
883282621,DEN-DG-517,DEN-DG-517,9986bdf8-99d5-4437-8fbd-870879c44f2a,live,API,Orange Barrel Media,Orange Barrel Media,Spectacular,Outdoor|Billboards|Spectacular,DEN-DG-517,DENVER,80202,Denver County - CO,CO,"Denver, CO",USA,39.745083,-104.994265,15th St & Stout St,,USD,,,0,0,1,15,15,true,true,false,true,720x1320,720x1320,720x1320,,,30103,""
883282652,LA-DG-515,LA-DG-515,9f45272d-b5fe-457b-b10f-8bebfb97b313,live,API,Orange Barrel Media,Orange Barrel Media,Spectacular,Outdoor|Billboards|Spectacular,LA-DG-515,SANTA MONICA,90401,Los Angeles County - CA,CA,"Los Angeles, CA",USA,34.018017,-118.499166,Santa Monica I 3rd Street Promenade & Wilshire,,USD,,,0,0,1,15,15,true,true,false,true,4480x1408,4480x1408,4480x1408,,,30103,""
903037738,LA-DG-512,LA-DG-512,04ac799a-1ba3-4701-bdc5-f2caa8f2653e,live,API,Orange Barrel Media,Orange Barrel Media,Spectacular,Outdoor|Billboards|Spectacular,LA-DG-512,WEST HOLLYWOOD,90069,Los Angeles County - CA,CA,"Los Angeles, CA",USA,34.095061,-118.374071,8433 Sunset Blvd | The Comedy Store,90.0000,USD,,,0,0,1,10,10,true,true,false,true,640x1140,640x1140,640x1140,"Bicycling,Bodybuilding,Boxing,Dining Out,Government,Illegal Content,Law,Politics,& Politics,Pornography",,30103,""
903041941,LA-DG-511,LA-DG-511,db4c200f-06f1-4fe1-9d18-85258ab32870,live,API,Orange Barrel Media,Orange Barrel Media,Spectacular,Outdoor|Billboards|Spectacular,LA-DG-511,WEST HOLLYWOOD,90069,Los Angeles County - CA,CA,"Los Angeles, CA",USA,34.095061,-118.374071,8433 Sunset Blvd | The Comedy Store,90.0000,USD,,,0,0,1,10,10,true,true,false,true,640x1140,640x1140,640x1140,"Bicycling,Bodybuilding,Boxing,Dining Out,Government,Illegal Content,Law,Politics,& Politics,Pornography",,30103,""
922188616,1995966850,SD.D100 -B - Gaslamp,14080d06-4d23-4aae-8441-d2d974b220be,live,API,Big Outdoor,Big Outdoor,Spectacular,Outdoor|Billboards|Spectacular,Gaslamp,SAN DIEGO,92101,San Diego County - CA,CA,"San Diego, CA",USA,32.707200,-117.160000,"537 L St, San Diego, CA 92101",17.0000,USD,786156,170,0,0,1,15,15,true,true,false,true,1500x1020,1500x1020,,,,30103,https://bigoutdoor.box.com/s/oqn0v08mh9b9omf4w8b7hkil5pzdd3w8
922189365,1996183746,NASH.D200 - Display B,8b7c6a2f-b51a-4ccf-82c5-5204f0cd2e6c,live,API,Big Outdoor,Big Outdoor,Spectacular,Outdoor|Billboards|Spectacular,Fifth and Broadway,NASHVILLE,37203,Davidson County - TN,TN,"Nashville, TN",USA,36.160850,-86.779840,"5036 Broadway, Nashville, TN 37203",13.0000,USD,1082587,6.712468998,0,0,1,15,15,true,true,false,true,1760x1008,1760x1008,,,,30103,https://bigoutdoor.box.com/s/bup3b4sxgjf1qhkl1k851djzkbiy92jk
922189399,1996183027,NASH.D200 - Display A,9076690b-ddf6-47a1-a98f-e3dcc446a3b4,live,API,Big Outdoor,Big Outdoor,Spectacular,Outdoor|Billboards|Spectacular,Fifth and Broadway,NASHVILLE,37203,Davidson County - TN,TN,"Nashville, TN",USA,36.160070,-86.780030,"5036 Broadway, Nashville, TN 37203",13.0000,USD,537592,3.33328373,0,0,1,15,15,true,true,false,true,1312x648,1312x648,,,,30103,https://bigoutdoor.box.com/s/bup3b4sxgjf1qhkl1k851djzkbiy92jk
922190006,1995967132,SD.D100 -A - Gaslamp,f3ebf833-1d74-4c9c-9daa-6ac2a85f42ed,live,API,Big Outdoor,Big Outdoor,Spectacular,Outdoor|Billboards|Spectacular,Gaslamp,SAN DIEGO,92101,San Diego County - CA,CA,"San Diego, CA",USA,32.707200,-117.160000,"537 L St, San Diego, CA 92101",17.0000,USD,786156,168,0,0,1,15,15,true,true,false,true,1500x1020,1500x1020,,,,30103,https://bigoutdoor.box.com/s/oqn0v08mh9b9omf4w8b7hkil5pzdd3w8
